hotel_id,name,address,link
100397536791106,Hanoi Apple,"15 A Hàng Chiếu, Hàng Chiếu, Đồng Xuân, Hoàn Kiếm, Hà Nội, Vietnam",https://www.facebook.com/pages/Apple-Hotel-Hanoi/100397536791106
100607916712445,Hai Au,"576 Cua Dai, Hội An",https://www.facebook.com/pages/Hai-Au-Hotel-Hoi-An/100607916712445
1011425698944887,Khách sạn 24 Kim Mã,"No 65 Kim Ma street, Ba Dinh district, Hanoi, Hà Nội, Vietnam",https://www.facebook.com/pages/Kh%C3%A1ch-S%E1%BA%A1n-24-Kim-M%C3%A3/1011425698944887
101722066594591,Khách sạn Bodega,"133 Hàng Bông, Hoàn Kiếm, Hà Nội, Vietnam",https://www.facebook.com/pages/Bodega-Hotel-Hanoi/101722066594591
1017426538344910,Green Mango Hanoi,"18, Hàng Quạt, Q.Hoàn Kiếm, 18 Hàng Quạt, Hang Gai ward, Hoàn Kiếm, Hà Nội, Vietnam",https://www.facebook.com/Green-Mango-Hanoi-1017426538344910/
101780179935496,Khách sạn Eternity,"32 Yết Kiêu, Trần Hưng Đạo, Hoàn Kiếm, Hà Nội, Vietnam",https://www.facebook.com/EternityHotel32YetKieuHaNoi/
102598133184328,Khách sạn New Moon,"126 Bạch Đằng, Hải Châu 1, Hải Châu, Đà Nẵng, Vietnam",https://www.facebook.com/New-Moon-Hotel-102598133184328/
1031480000248186,Hostel Funky Jungle,"73 Mã Mây, Hàng Buồm, Hoàn Kiếm, Hà Nội, Vietnam",https://www.facebook.com/FunkyJungleHostel/
104988402951297,Hanoi Rose,"59B Đường Thành, Cửa Đông, Hoàn Kiếm, Hà Nội, Vietnam",https://www.facebook.com/pages/Hanoi-Rose-Hotel/104988402951297
105713669505240,Aloha Hotel,"2150 Roxas Boulevard, Cor. Quirino Ave.",https://www.facebook.com/alohahotelmanila/
106185126212276,Church Boutique Hang Ca,"21 Hàng Cá, Hoàn Kiếm, Hà Nội, Vietnam",https://www.facebook.com/pages/Church-Boutique-Hotel-Hang-Ca/106185126212276
1070723119658555,Gingergrass Homestay,"Tổ 1, thôn Thanh Nhì,, tp. Hội An, Quảng Nam 560000, Vietnam",https://web.facebook.com/Glocal-Beachshotel_ide-Hostel-1070723119658555/
1071725402860921,City View,"ng Bồ Hoàn Kiếm Hà فيتنام، 7 Cửa Đông, Hàng Bồ, Hanoi, Vietnam",https://www.facebook.com/hanoicityviewhotel/
107235939358697,Fraser Suites Hanoi,"51 Xuân Diệu, Quảng An, Tây Hồ, Hà Nội, Vietnam",https://web.facebook.com/pages/Fraser-Suites-Hanoi/107235939358697
107466496045933,Caraven,"208 Lý Tự Trọng, Thanh Bình, Hải Châu, Đà Nẵng, Vietnam",https://www.facebook.com/pages/Caraven-Hotel/107466496045933
108848622539178,Hanoi Tirant,"38 Gia Ngư, Hoàn Kiếm, Hà Nội 844, Vietnam",https://www.facebook.com/pages/Tirant-Hotel-Hanoi-Vietnam/108848622539178
109924292681661,Gold  Iii,"24 Hàng Mành, Hoàn Kiếm, Hà Nội, Vietnam",https://web.facebook.com/goldhoteliihotel_idanang/
110449969042552,Khách sạn Luminous Viet,"79 Hàng Bạc, Hoàn Kiếm, Hà Nội, Vietnam",https://www.facebook.com/luminousviet/
1110145009064097,Khách sạn Boutique MK Premier,"72-74 Hàng Buồm, Hoàn Kiếm, Hà Nội, Vietnam",https://www.facebook.com/MK-Premier-Boutique-Hotel-1110145009064097/
111455759192424,Blan Villa,"180 Nguyễn Phúc Tần, tp. Hội An, Quảng Nam, Vietnam",https://www.facebook.com/BLan-Villa-111455759192424/
1148898871791499,Hanoi Chic Boutique,"51, 0 Bát Sứ, Hoàn Kiếm, Hà Nội 000000, Vietnam",https://www.facebook.com/chicboutiquehotelhanoi/
115027925337882,Hanoi Moment 2,"42 Hàng Cót, Hà Nội, Vietnam",https://www.facebook.com/pages/Hanoi-Moment-Hotel-II/115027925337882
116431445169619,Khách sạn Calypso Grand,"27 Cửa Đông, Hoàn Kiếm, Hà Nội 10000, Vietnam",https://www.facebook.com/CalypsoGrandHotel/
117843318367122,Apricot,"136 Hàng Trống, Hoàn Kiếm, Hà Nội, Vietnam",https://www.facebook.com/apricothotel/
120125374732540,Crowne Plaza West Hà Nội,"36 Le Duc Tho Street, My Dinh Ward, Nam Tu Liem District, Hanoi, 000000, Vietnam",https://www.facebook.com/pages/Crowne-Plaza-West-Hanoi/120125374732540&ref=br_tf
120190574818017,Ancient House Resort & Spa,"377 Cửa Đại, Cẩm Châu, tp. Hội An, Quảng Nam, Vietnam",https://www.facebook.com/ancienthouseresort/
120230848080105,Khách sạn Hanoi Central Star,"27 Phủ Doãn, Hàng Trống, Hoàn Kiếm, Hà Nội, Vietnam",https://www.facebook.com/Hanoi-Central-Star-Hotel-120230848080105/
120477108108421,Hanoi Old Town,"95 Hàng Chiếu, Đồng Xuân, Hoàn Kiếm, Hà Nội, Vietnam",https://www.facebook.com/Hanoi-Old-Town-Hotel-120477108108421/
122605641216622,Green House Villa,"P.o Box 176-80109, Mombasa, Kenya",https://www.facebook.com/Green-House-Villa-122605641216622/
1236156129733715,Hadana Boutique  Da Nang,"Phạm Văn Đồng, An Hải Bắc, Sơn Trà, Đà Nẵng, Vietnam",https://www.facebook.com/hadanaboutique/
124098690938,Khách sạn Hanoi Serenity,"17 Nguyễn Văn Tố, Cửa Đông, Hoàn Kiếm, Hà Nội, Vietnam",https://www.facebook.com/Hanoi-Serenity-Hotel-124098690938/
124823087674647,Khách sạn Gia Bảo Grand,"23 Lò Sũ, Lý Thái Tổ, Hoàn Kiếm, Hà Nội 1000, Vietnam",https://www.facebook.com/pages/Gia-Bao-Grand-Hotel/124823087674647
125187904254346,Golden Sand Resort & Spa Hoi An,"Batu Feringgi Beach, Pulau Pinang, 11100, Malaysia",https://web.facebook.com/GoldenSandHoiAnVietNam/
125960300828623,Asean Halong,"Bãi Cháy, tp. Hạ Long, Quảng Ninh, Vietnam",https://www.facebook.com/pages/Asean-Ha-Long-Hotel/125960300828623
126750284097708,Dong A Hotel,142 đường Hoàng văn thụ thành phố Thái Nguyên,https://www.facebook.com/pages/%C4%90%C3%B4ng-%C3%81-Hotel/126750284097708
126883330726174,Khách sạn Prince II,"42B Hàng Giấy, Hang Buom ward, Hoàn Kiếm, Hà Nội 70000, Vietnam",https://www.facebook.com/prince2hotel/
129211230546960,Golf Hoian,"187 Lý Thường Kiệt, tp. Hội An, Quảng Nam, Vietnam",https://www.facebook.com/indochinehotelhoian/
129923493826574,Camry,"11 Tố Hữu, Hòa Cường Nam, Hải Châu, Đà Nẵng, Vietnam",https://www.facebook.com/pages/Camry-Hotel/129923493826574
130538853765270,Bao Quang Hotel,"137 Nguyễn Văn Thoại, An Đông Hải, Sơn Trà, Đà Nẵng, Vietnam",https://www.facebook.com/Kh%C3%A1ch-S%E1%BA%A1n-B%E1%BA%A3o-Quang-%C4%90%C3%A0-N%E1%BA%B5ng-130538853765270/
130986173710632,Hoai Sang,"B33 Phạm Văn Đồng, An Hải Bắc, Sơn Trà, Đà Nẵng, Vietnam",https://www.facebook.com/pages/Thanh-Hoai-Hotel/130986173710632
131612670518879,Da Nang Villa,"Son Tra - Dien Ngoc Coastal Street, Hoa Hai Ward, Ngu Hanh Son District, Câu Hà, QM, Vietnam",https://www.facebook.com/danaresort/
131762750235333,Golden Key,"82 Quán Sứ, Trần Hưng Đạo, Hoàn Kiếm Trần Hưng Đạo Hoàn Kiếm Hà Nội, Вьетнам, Vietnam",https://web.facebook.com/pages/golden-key-Hotel/131762750235333
132386763492259,Danang Rivershotel_ide,"A 30, Tran Hung Dao Street, Son Tra District, Đà Nẵng, Vietnam",https://www.facebook.com/pages/Danang-Rivershotel_ide-Hotel/132386763492259
133247926884581,Khách sạn Hanoi 3B,99 Ma May Hoan Kiem,https://www.facebook.com/hanoi3bhotel/
133963350115334,Aranya Hotel & Travel,128 Hang Bong,https://www.facebook.com/AranyaHN/
135121083347092,Khách sạn Paradise Boutique,"62 Hàng Bạc, Hoàn Kiếm, Hà Nội, Vietnam",https://www.facebook.com/paradiseboutiquehotel/
135199530219803,Khách sạn Huyền Châu,"28 Yên Phụ, Trúc Bạch, Ba Đình, Hà Nội, Vietnam",https://www.facebook.com/pages/Huyen-Chau-Hotel/135199530219803
135324866614935,Brilliant,"162-164 Bạch Đằng, Hải Châu, Đà Nẵng, Vietnam",https://www.facebook.com/BrilliantHotel/
137450959610835,Da Nang Port,"20 Hà Bổng, Phước Mỹ, Sơn Trà, Đà Nẵng, Vietnam",https://www.facebook.com/pages/Da-Nang-Port/137450959610835
1379083872319465,Discovery,"22 Lương Ngọc Quyến, Hàng Buồm, Hoàn Kiếm, Hà Nội, Vietnam",https://www.facebook.com/DiscoveryHotelCrissier/
138690606232514,Ha Long Eden,"1 Hạ Long, Bãi Cháy, Ha Long, Quảng Ninh, Vietnam",https://www.facebook.com/pages/Ha-Long-Eden-Hotel/138690606232514
138826162963301,Doan An Dieu Duong 298,"ĐT44A, Long Hải, Long Điền, Bà Rịa - Vũng Tàu, Vietnam",https://www.facebook.com/pages/%C4%90o%C3%A0n-An-%C4%90i%E1%BB%81u-D%C6%B0%E1%BB%A1ng-298/138826162963301
1401600013412628,Hà Nội Delight,"93 Đội Cấn, Ba Dinh District, Hà Nội, Vietnam",https://www.facebook.com/Khach-san-ha-noi-delight-1401600013412628/
1402053123339962,Galaxy Premium Cruises,"22 Lý Nam Đế, Ba Dinh District, Hà Nội, Vietnam",https://web.facebook.com/galaxypremiumcruises/
1402376883388507,Dan Oasis,"19 Láng Hạ, Ba Đình, Hà Nội, Vietnam",https://www.facebook.com/danoasishotel/
1402846303280167,Hanoi La Rosa,"36 Nguyễn Khuyến, Văn Miếu",https://www.facebook.com/pages/La-Rosa-Hotel/1402846303280167
1408835689351854,Hawaii  Da Nang,"Lô 06-07 H2, Phạm Văn Đồng, An Hải Bắc, Sơn Trà, Đà Nẵng, Vietnam",https://www.facebook.com/Tienthinhhoteldanang/
1408857476042865,Duc Anh,"420 Nguyễn Thị Minh Khai, Phường 5, Quận 3, TP Hồ Chí Minh, Vietnam",https://www.facebook.com/pages/%C4%90%E1%BB%A9c-Anh-Hotel-%C4%90%C3%A0-N%E1%BA%B5ng/1408857476042865
1417201508570124,Hanoi Rock Hostel,"56 Hang Duong, Hà Nội, HANOI CITY, Vietnam",https://www.facebook.com/hanoirockshostel1/
1417576401790730,Khách sạn Morning Star,Số 10 - Hàng Hành - Q. Hoàn Kiếm,https://www.facebook.com/morningstarhotel.com.vn/
1421838558069486,Ha An,"06-08 Phan Bội Châu, tp. Hội An, Quảng Nam, Vietnam",https://www.facebook.com/haanhotel.hoian/
142235272647096,Hanoi Legacy Hàng Bạc,"108 Hàng Bạc, Hoàn Kiếm, Hà Nội, Vietnam",https://www.facebook.com/pages/Hanoi-Legacy-Hotel-Hang-Bac/142235272647096
1423916441214189,Hanoi Old Centre,"19 Hàng Hành, Hoàn Kiếm, Hà Nội, Vietnam",https://www.facebook.com/oldcentrehotelhanoi/
1424009947843059,Frangipani Boutique  Da Nang,"Nguyễn Hữu Thông, Sơn Trà, Đà Nẵng, Vietnam",https://web.facebook.com/Frangipani-Boutique-Hotel-1424009947843059/
1426574537561166,Hanoi Ciao,"08 Tho Xuong Alley - Au Trieu, Hà Nội, Vietnam",https://www.facebook.com/hanoiciaohotel/
1427514047480765,Conifer,Pinophyta,https://www.facebook.com/Conifer-Hotel-Travel-1427514047480765/
1429063757317574,Au Co Cruise,"24 Au Trieu Street, Hoan Kiem District, Hanoi, Vietnam",https://www.facebook.com/Au-Co-Cruise-1429063757317574/
1429873653894549,Green Bay,"P.O. Box 18, Koror, Palau",https://www.facebook.com/Green-Bay-Hotel-1429873653894549/
1430101293925015,Khách sạn Hanoi Chic,"18 Hàng Hòm, Hàng Gai, Hoàn Kiếm, Hà Nội, Vietnam",https://www.facebook.com/hanoichichotel/
1430179450611070,Khách sạn HP Home,"125 Lô số TT-1 Đường Hàm Nghi Kéo dài, TP, Từ Liêm, Hà Nội, Vietnam",https://www.facebook.com/HPHomehotel/
1431622807089649,Hanoi Samotel,"684 Minh Khai, Vĩnh Tuy, Hai Bà Trưng, Hà Nội, Vietnam",https://www.facebook.com/HaNoi-Samotel-Hotel-1431622807089649/
1436297906653392,Hai Nam,"55 Duong Thanh Str., Hoan Kiem Dist., Hanoi, Vietnam",https://www.facebook.com/pages/Nam-Hai-Hotel/1436297906653392
143738609018931,Hanoi Pacific,"83B Ly Thuong Kiet, Hoan Kiem",https://www.facebook.com/pages/Pacific-Place/143738609018931
143765055817775,Golden Sun Palace,"1678 N Milpitas Blvd, Milpitas, CA 95035, United States",https://www.facebook.com/pages/Golden-Sun-Palace-Hotel-Hanoi/143765055817775
1437747696466053,Dreams,"Đông Thái, Hoàn Kiếm, Hà Nội, Vietnam",https://www.facebook.com/dreamshotelmaldives/
1437932199754399,Khách sạn Mahotel_idza,"52 Yên Phụ, Hà Nội, Vietnam",https://www.facebook.com/mahotel_idza.hotel/
1439591133005014,Khách sạn Saki,"28 Dịch Vọng Hậu, làng Vòng, Dịch Vọng Hậu, Cầu Giấy, Hà Nội, Vietnam",https://www.facebook.com/sakihotel/
144118052297565,Blue River Motel,"03 Duong Khue, My An Ward, Han River, Da Nang, Vietnam, Vietnam",https://www.facebook.com/pages/Blue-River-Motel/144118052297565
1443154392659354,Mỹ Hoa Hotel,"49 trương chí cương, Hòa Vang",https://www.facebook.com/pages/M%E1%BB%B9-Hoa-Hotel/1443154392659354
144339279039329,Binh Minh,"36, Nguyen Tri Phuong Street, Hue City, Thua Thien Hue Province, Vietnam",https://www.facebook.com/pages/Kh%C3%A1ch-S%E1%BA%A1n-B%C3%ACnh-Minh-H%C3%A0-N%E1%BB%99i/144339279039329
1444409855808308,Khách sạn La Belle Vie,"105 Nguyễn Trường Tộ, Ba Dinh District, Hà Nội 1000, Vietnam",https://www.facebook.com/La-Belle-Vie-1444409855808308/
1446389425666881,Avatar,"Lô 120 An Thượng 2, Phường Mỹ An, Quận Ngũ Hành Sơn, Thành phố Đà Nẵng",https://www.facebook.com/Avatar-Danang-Hotel-1446389425666881/
144823785656129,Hoi An Green Field Villas,"423 Cửa Đại, tp. Hội An, Quảng Nam, Vietnam",https://www.facebook.com/GreenFieldHotelVillas/
144825518925111,Khách sạn Blue Moon,"4 Phan Bội Châu, 1, tp. Đà Lạt, Lâm Đồng 61000, Vietnam",https://www.facebook.com/pages/Blue-Moon-Hotel/144825518925111
144840492244832,Cua Dai Beach,"Phuoc Hai, Cua Dai Ward, tp. Hội An, 84510, Vietnam",https://www.facebook.com/pages/Cua-Dai-Beach-Hoi-An-Vietnam/144840492244832
1452357201686673,East West villas,"294, Cửa Đại, Cẩm Châu, tp. Hội An, Quảng Nam 564070, Vietnam",https://www.facebook.com/eastwestvillashoian/
145402922137228,Chance,"No. 163號, Jianguo Rd, Central District, Taichung City, Taiwan 400",https://www.facebook.com/Hotel.Chance.Palace.Sri.Lanka/
1454144494900698,City Bay Palace,"156 Le Thanh Tong Street, Ha Long, Quảng Ninh, Vietnam",https://www.facebook.com/citybaypalace/
1457297761177651,Garden Bay Cruise,"Phan Chu Trinh, Bãi Cháy, tp. Hạ Long, Vietnam",https://web.facebook.com/GardenBayCruise/
1458695211054909,Green Tea Homestay,"66 Trần Quang Khải, Cẩm Châu, tp. Hội An, Quảng Nam, Vietnam",https://www.facebook.com/pages/Green-Tea-Homestay-Hoi-An/1458695211054909
1462437644022617,Green  Hai Phong,"738 Nguyễn Văn Linh, Niệm Nghĩa, Lê Chân, Hải Phòng, Vietnam",https://www.facebook.com/pages/Green-Hotel-H%E1%BA%A3i-Ph%C3%B2ng/1462437644022617
146373752131063,Hanoi Central Hotel,36 Dinh Liet Hoan Kiem Ha Noi,https://www.facebook.com/pages/Hanoi-Central-Hotel/146373752131063
146710708835758,Hanoi Holhotel_iday Silver,"9 Ngõ Huyện, Hoàn Kiếm, Hà Nội ., Vietnam",https://www.facebook.com/Holhotel_iday-silver-hotell-146710708835758/
146840172053796,Golden Gate 1 Hotel Da Nang,"69 Lê Hồng Phong, Đà Nẵng, Vietnam",https://web.facebook.com/pages/Golden-Gate-Hotel/146840172053796
1470426779871002,Khách sạn Holhotel_iday Diamond,"5 Nguyễn Siêu, Hàng Buồm, Hoàn Kiếm, Hà Nội, Vietnam",https://www.facebook.com/Hanoi-Holhotel_iday-Diamond-Hotel-1470426779871002/
1470515046537744,Joy Hoi An Homestay,"77C Nguyễn Duy Hiệu, tp. Hội An, Quảng Nam, Vietnam",https://www.facebook.com/joyhoianhomestay/
147558308773077,Guest House - Bon Bon,"C23 Phan Van Chanh, Huế",https://www.facebook.com/pages/Guest-House-Bon-Bon/147558308773077
147611895600078,Halong Happy,"25, Anh Đào, tp. Hạ Long, Quảng Ninh, Vietnam",https://www.facebook.com/HalongHappyhostel/
147680342090458,Khách sạn Camel City,"Ngõ Đào Duy Từ, Hoàn Kiếm, Hà Nội, Vietnam",https://www.facebook.com/Camel-City-Hotel-in-Hanoi-Old-Quarter-147680342090458/
1479410105631173,Atrium Hanoi,"32 DAO DUY TU street, Hoan Kiem Dist., Hanoi, 32 Đào Duy Từ, Hàng Buồm, Hoàn Kiếm, Hà Nội 10000, Vietnam",https://www.facebook.com/AtriumHanoiHotel/
148335701939910,Dong Khanh Hoi An,"308 Nguyễn Duy Hiệu, tp. Hội An, Quảng Nam, Vietnam",https://www.facebook.com/pages/Dong-Khanh-Hotel/148335701939910
148592598530893,Khách sạn Silk Path,"195 -199, Hàng bông, Hàng Bông, Hoàn Kiếm, Hà Nội, Vietnam",https://www.facebook.com/SilkPath/
1486141631617711,Khách sạn Silk Queen,"100 Hàng Gai, Hoàn Kiếm, Hà Nội, Vietnam",https://www.facebook.com/silkqueenhotel/
148799055228743,Green Hotel,"Số 30, Nguyễn Văn Ngọc, Ba Đình , Hà Nội",https://www.facebook.com/pages/Green-Hotel/148799055228743
1488754444722971,Khách sạn Blue Hanoi Inn,"12 Chân Cầm, Hàng Trống, Hoàn Kiếm, Hà Nội, Vietnam",https://www.facebook.com/bluehanoiinnhotel/
1491637047715448,Ba Be Lake View Homestay,"ĐT254, Nam Mẫu, Ba Bể, Bắc Kạn, Vietnam",https://www.facebook.com/babelakeview/
149276268547731,Hoang Minh Chau 3,"Đường Ne8, Bến Cát, Bình Dương, Vietnam",https://www.facebook.com/pages/Hoang-Minh-Chau-Hotel/149276268547731
1494626907472131,Essence Palace Hotel,"29, 27 Gia Ngư, Hoàn Kiếm, Hà Nội, Vietnam",https://www.facebook.com/pages/Essence-Palace-Hotel/1494626907472131
1495601260767666,Hanoi Lotus Boutique,"SHàng Bông,, 2 Hội Vũ, SHàng Bông, Hoàn Kiếm, Hà Nội, Vietnam",https://www.facebook.com/Hanoi-Lotus-Boutique-Hotel-1495601260767666/
1498973933691042,Hanoi Backpackers Old Quarter,"185 Lò Đúc, Hà Nội, Vietnam",https://www.facebook.com/HanoiBackpackers/
1502218643346817,Khách sạn Eclipse Legend,"36 Hàng Vôi, Hoàn Kiếm, Hà Nội, Vietnam",https://www.facebook.com/Eclipse-Legend-Hotel-1502218643346817/
1505348866459184,Hanoi Zesty Hotel,"20 Hàng Cân, Hoàn Kiếm, Hà Nội, Vietnam",https://www.facebook.com/Hanoi-Zesty-hotel-1505348866459184/
1510039339289192,Heritage Hoi An Homestay,"62 Dao Duy Tu,Hoi An, Quang Nam-Da Nang, Vietnam",https://www.facebook.com/heritagehoianhomestay/
151018308354165,Hoi An Garden Villas,"Cẩm Châu, tp. Hội An, Quang Nam Province, Vietnam",https://www.facebook.com/pages/Hoi-An-Garden-Villas/151018308354165
151198758289325,Khách sạn Elite Hà Nội,"10/50 Ngõ Đào Duy Từ, Hàng Buồm, Hoàn Kiếm, Hà Nội, Vietnam",https://www.facebook.com/pages/Hanoi-Elite-Hotel/151198758289325
1513021542254541,Gieng Ngoc,"Cat Ba National Park, Cát Hải, Hải Phòng, Vietnam",https://web.facebook.com/giengngochotelcatba/
151462301571537,Hanoi Elegance Ruby,"3 Yên Thái, Hàng Gai, Hoàn Kiếm, Hà Nội, Vietnam",https://www.facebook.com/Hanoi-Elegance-Ruby-151462301571537/
1515742982001621,Capsule Vietnam,"60 Ngo Huyen, Hà Nội, HANOI CITY 110211, Vietnam",https://www.facebook.com/capsulevietnam/
1517887281761033,Khách sạn Bamboo,"32 Hang Be, Ha Noi",https://www.facebook.com/bamboohotelhanoi/
1525024751057588,Khách sạn Golden Orchhotel_id,"34 Hàng Tre, Lý Thái Tổ, Hoàn Kiếm, Hà Nội, Vietnam",https://www.facebook.com/goldenorchhotel_idhotel/
1532170243748316,Khách sạn La Selva Hà Nội,"57 Lò Sũ, Lý Thái Tổ, Hoàn Kiếm, Hà Nội, Vietnam",https://www.facebook.com/hanoilaselvahotel/
1533464686903010,Green Coco Homestay,"113, Nguyễn Trường Tộ, Sơn Phong, tp. Hội An, Quảng Nam, Vietnam",https://www.facebook.com/GreenCoCo.Homestay/
153742338002382,H81,"71 Jalan Sultan, Singapo",https://www.facebook.com/H81Heritage/
153930936150,Furama Resort Danang,"Khuê Mỹ, Ngũ Hành Sơn, Đà Nẵng, Vietnam",https://web.facebook.com/furamaresort/
153977564805074,Hanoi Glance,"48 Bát Sứ, Hàng Bồ, Hoàn Kiếm, Hà Nội, Vietnam",https://www.facebook.com/hanoiglancehotel/
154117101421891,Authentic Hanoi,"13 Lý Thái Tổ, Hoàn Kiếm, Hà Nội, Vietnam",https://www.facebook.com/pages/Authentic-Hanoi-Hotel/154117101421891
154417887804,Golden Dragon,"88 R., 78 R. de Malaca, Macau",https://web.facebook.com/GoldenDragonHotel/
155155304551627,Khách sạn Golden Land,"31 Hàng Mành, Hàng Gai, Hoàn Kiếm, Hà Nội, Vietnam",https://www.facebook.com/Golden-Land-Hotel-Hanoi-155155304551627/
155415196088,Intercontinental Hanoi Westlake,"1a Nghi Tam, Tay Ho, Hà Nội, 000000, Vietnam",https://www.facebook.com/intercontinentalhanoiwestlake/
1560190850934444,Khách sạn Dragon Airport,"T2, Việt Nam, Nhà ga T1, Noi Bai International Airport, Sóc Sơn, Hà Nội, Vietnam",https://www.facebook.com/dragonairporthotel/
1560882577459623,https://www.facebook.com/edenhoianhomestay/,"487 Cua Dai Street, tp. Hội An, Quảng Nam, Vietnam",https://www.facebook.com/edenhoianhomestay/
1562513834011933,Jungle Boss Homestay,"ĐT20, Phong NHA, Sơn Trạch, Bố Trạch, Quảng Bình, Vietnam",https://www.facebook.com/Jungle-Boss-Homestay-1562513834011933/
156320851099698,Eena  Da Nang,"Loseby, Phước Mỹ, Sơn Trà, Đà Nẵng, Vietnam",https://www.facebook.com/pages/EENA-Hotel/156320851099698
1565114553727067,"Khách sạn Mường Thanh Hà Nội Centre""","78 Thợ Nhuộm, Hoàn Kiếm, Hà Nội, Vietnam",https://www.facebook.com/muongthanh.hanoi.centre/
1565457393729463,Hoi An Travel Lodge,"126 Nguyễn Trường Tộ, tp. Hội An, Quảng Nam, Vietnam",https://www.facebook.com/hoiantravellodge/
1566832883549091,Hanoi Winter Hostel,"3 Thanh Ha, O Quan Chuong, Dong Xuan Ward, Hoan Kiem District, Hà Nội, Vietnam",https://www.facebook.com/Hanoi-Winter-Hostel-1566832883549091/
1571612506414924,Blue Sea Villas,77 Paseo Del Mediterraneo,https://www.facebook.com/blueseavillas/
157752174347327,Cosy,"Shotel_iddals Rd, Derby DE1 2QD, United Kingdom",https://www.facebook.com/hotelinbhaktapur/
158276791000095,Halong Phoenix Cruiser,"Hanoi, Hoàn Kiếm, Hanoi, Vietnam",https://www.facebook.com/HalongPhoenixLuxury/
1583057775263020,Diamond Sea,"232 Vo Nguyen Giap Street, Danang, Phước Mỹ Sơn Trà Đà Nẵng, Vietnam",https://www.facebook.com/diamondseadanang/
1584091998527037,Hoi An Tnt Villa,"100 Tran Hung Dao, tp. Hội An, Quảng Nam, Vietnam",https://www.facebook.com/tntvillahoian/
158689674204368,Sofitel Legend Metropole Hanoi,15 Ngo Quyen Street Hoan Kiem District,https://www.facebook.com/SofitelLegendMetropole/
158875554458100,Hoi An Garden Palace & Spa,"311 Cửa Đại, Minh An, tp. Hội An, Quảng Nam 560000, Vietnam",https://www.facebook.com/HoiAnGardenPalace/
159149310881264,Ba Na Hills Mountain Resort,"Nhà máy nước Sân Bay, Trường Chinh, Hòa Thuận Tây, Đà Nẵng, Vietnam",https://www.facebook.com/banahillsmountainresort/
159290024082525,Khách sạn Camellia 6,"16 Trung Yên, Hàng Bạc, Hoàn Kiếm, Hà Nội, Vietnam",https://www.facebook.com/Camellia-Hotel-6-159290024082525/
159319357432792,Ha Noi Elegance Diamond,"32 Lò Sũ, Lý Thái Tổ, Hoàn Kiếm, Hà Nội, Vietnam",https://www.facebook.com/pages/Hanoi-Elegance-Diamond/159319357432792
1594988377422358,Hoi An Viet House,"313 Cửa Đại, tp. Hội An, Quảng Nam, Vietnam",https://www.facebook.com/Viet-House-1594988377422358/
1598432303718857,Khách sạn Eco Hanoi,"28 Cửa Đông, Hoàn Kiếm, Hà Nội, Vietnam",https://www.facebook.com/HanoiEcoHotel/
1599698676934263,Jasmine Homestay Hoi An,"Trần Nhân Tông, Cẩm Châu, tp. Hội An, Quảng Nam, Vietnam",https://www.facebook.com/jolievillahoianhomestay/
160393637349239,Khách sạn Impressive,"54-56 Ấu Triệu, Hàng Trống, Hoàn Kiếm, Hà Nội, Vietnam",https://www.facebook.com/pages/Hanoi-Impressive-Hotel-Hanoi/160393637349239
160766727622845,Carambola Homestay,"Trần Nhân Tông, Cẩm Châu, tp. Hội An, Quảng Nam, Vietnam",https://www.facebook.com/Carambola-Homestay-160766727622845/
1607889166093152,Halong Aclass Legend Cruise,"Trần Thái Tông, tp. Hạ Long, Yết Kiêu, Vietnam",https://www.facebook.com/pages/Aclass-Legend-Cruise-Ha-Long-Bay/1607889166093152
1609099752674729,Hanoi Delano,"52 Bát Sứ, Hàng Bồ, Hoàn Kiếm, Hà Nội, Vietnam",https://www.facebook.com/hanohotel_idelano/
161719933937426,Hoang Linh,"Số 25, Ngõ 323, Đường Xuân Đỉnh, Huyện Từ Liêm, Hà Nội",https://www.facebook.com/hoanglinhhotel/
1617997831813684,Bai Tu Long Junks,"Hon Gai Port, Ha Long, Quảng Ninh, Vietnam",https://www.facebook.com/baitulongjunk/
1620387431560157,Huong My Beach Homestay,"Lạc Long Quân, Cửa Đại, tp. Hội An, Quảng Nam, Vietnam",https://www.facebook.com/huongmyhomestay/
1622139111336873,Khách sạn Esalen,"49/165 Ngõ 123, làng Vòng, Dịch Vọng Hậu, Cầu Giấy, Hà Nội, Vietnam",https://www.facebook.com/Esalen-Hotel-1622139111336873/
1627504074157281,Khách sạn Hanoi Little Town,"Vietnam, 77 Hàng Lược, Hà Nội, Vietnam",https://www.facebook.com/HanoiLittleTownHotel/
1628854994067175,Hanoi Brother Inn,"21 Bán Đàn,, Hoàn Kiếm, Hà Nội 700000, Vietnam",https://www.facebook.com/pages/Hanoi-Brother-Inn/1628854994067175
1632065720402246,Avalon,"Phạm Văn Đồng,Da Nang, Vietnam",https://www.facebook.com/avalon.hotel.9/
1635432630065921,An Bang Beach Hhotel_ideaway,"Block 7, An Bang Village, Ward, tp. Hội An, Cẩm An 564070, Vietnam",https://www.facebook.com/alohahoteldanang/
1639889169610412,Camellia,"A10 Ngõ 34 Nguyễn Thị Định, Hanoi, Vietnam",https://www.facebook.com/camelliaspahnvn/
1641113002774786,Ecodanang,"Lot 19 B1.3 Duong Dinh Nghe,, Sơn Trà, Đà Nẵng 550000, Vietnam",https://www.facebook.com/Ecodanang-Hotel-1641113002774786/
1641867359375840,Classic Sail,"Parton Vrane, Portscatho, Truro TR2 5ET, United Kingdom",https://www.facebook.com/sailing.Dubrovnik/
1642799885973781,Eco Luxury Hotel Hanoi,"28 Cửa Đông, Hoàn Kiếm, Hà Nội, Vietnam",https://www.facebook.com/pages/Eco-Luxury-Hotel-Hanoi/1642799885973781
164443800279534,Khách sạn Capital Garden,"4 Hoàng Ngọc Phách, Khu tập thể Nam Thành Công, Láng Hạ, Đống Đa, Hà Nội, Vietnam",https://www.facebook.com/pages/Capital-Garden-Hotel/164443800279534
164636565409,Khách sạn Sheraton Hà Nội,"K5 Nghi Tam, 11 Xuan Dieu Road, Tay Ho District ",https://www.facebook.com/sheratonhanoi/
1648090875463647,Golden Time Hostel 3,"106 Mã Mây, Hàng Buồm,, Hồ Hoàn Kiếm, Hàng Buồm, Hà Nội, Vietnam",https://www.facebook.com/pages/Golden-Time-Hostel-3/1648090875463647
1650963588453980,Halo Homestay,"28 Thanh Hóa, tp. Hội An, Quảng Nam 560000, Vietnam",https://www.facebook.com/HaloHomeStay/
165717473491706,Khách sạn Nikko Hà Nội,"84 Trần Nhân Tông, Quan Hai Ba Trung, Hanoi (Ha Noi);, Ha Tay, Vietnam",https://www.facebook.com/pages/Hotel-Nikko-Hanoi-Vietnam/165717473491706
1662623080630340,Hoa Mau Don Homestay,"23 Thái Phiên, Cẩm Phô, tp. Hội An, Quảng Nam, Vietnam",https://www.facebook.com/pages/Hoa-M%E1%BA%ABu-%C4%90%C6%A1n-Homestay/1662623080630340
1663548703877323,Banana Garden Villa,"Cẩm Châu, tp. Hội An, Quang Nam Province, Vietnam",https://www.facebook.com/bananagardenvilla/
166478613405345,Khách sạn Lake Shotel_ide,"23 NGOC KHANH, BA DINH DISTRICT",https://www.facebook.com/pages/Lake-Shotel_ide-Hotel/166478613405345
1664960830420791,Huyen Tra Que Homestay,"Cẩm Hà, tp. Hội An, Quang Nam Province, Vietnam",https://www.facebook.com/huyentraquehomestay/
1669600999965950,Full House Homestay,"Tân An, tp. Hội An, Quảng Nam, Vietnam",https://web.facebook.com/homestayatseremban/
1673394289542542,Khách sạn Finnegans,"No 7 Dong Thai street, Ma May, Hang Buom, Hoan Kiem, Hanoi, Vietnam ",https://www.facebook.com/hanoifinneganshotel/
1674133172862665,An Bang Vana Villas,"An Bang Beach, Cẩm An, tp. Hội An, Quảng Nam 564070, Vietnam",https://www.facebook.com/An-Bang-Vana-Villas-1674133172862665/
1677318155827388,Alma Courtyard Hoi An,"Tan An Ward, 326 Lý Thường Kiệt, tp. Hội An, Quảng Nam, Vietnam",https://www.facebook.com/pages/Almacourtyard/1677318155827388
1678659992376911,Bien Dao Homestay Hoi An,"Lạc Long Quân, Cẩm An, tp. Hội An, Quảng Nam, Vietnam",https://www.facebook.com/Bien-Dao-Homestay-Hoi-An-1678659992376911/
1679384515665015,Green Areca Villa,Hội An,https://www.facebook.com/pages/Green-Areca-Villa/1679384515665015
1681145575431752,Hanoi City View Hostel,"ng Bồ Hoàn Kiếm Hà فيتنام، 7 Cửa Đông, Hàng Bồ, Hanoi, Vietnam",https://www.facebook.com/Hanoi-City-View-Hostel-1681145575431752/
168118903570990,Khách sạn May De Ville Legend,"43 Gia Ngư, Hoàn Kiếm, Hà Nội 1000, Vietnam",https://www.facebook.com/pages/May-De-ville-Legend-hotel/168118903570990
168130960003446,Hanoi Eclipse,"44 Hàng Hành, Hàng Trống, Hoàn Kiếm, Hà Nội, Vietnam",https://www.facebook.com/Hanoi-Eclipse-Hotel-168130960003446/
1682414491982135,Green Grass Homestay,"94 Lê Hồng Phong, Tân An, tp. Hội An, Quảng Nam, Vietnam",https://www.facebook.com/GREEN-GRASS-Homestay-1682414491982135/
169934229807408,Khách sạn A25 Châu Long,"46 Châu Long, Trúc Bạch, Ba Dinh District, Hà Nội, Vietnam",https://www.facebook.com/pages/Kh%C3%A1ch-S%E1%BA%A1n-A25-Ch%C3%A2u-Long/169934229807408
170116179701045,Celadon Palace Hue,"Hùng Vương, tp. Huế, Thừa Thiên Huế, Vietnam",https://www.facebook.com/pages/Celadon-Palace-Hue-Vietnam/170116179701045
1702545710002320,Gold  3 Da Nang,"27 Vo Van Kiet Street My Khe Beach, Đà Nẵng, Vietnam",https://web.facebook.com/pages/Hotel-Gold-3-da-Nang/1702545710002320
1703319276564084,A Dong Hotel,"46 Lương Ngọc Quyến, Hàng Buồm Hoan Kiem District Hanoi, Vietnam",https://www.facebook.com/A-DONG-HOTEL-1703319276564084/
170519889738520,Celia,"39 Hàng Gà, Hang Bo ward, Hoàn Kiếm, Hà Nội, Vietnam",https://www.facebook.com/Celiahotelhanoi/
171189606583225,Aquarius Legend,"90 Nguyễn Hữu Huân, Lý Thái Tổ, Hoàn Kiếm, Hà Nội, Vietnam",https://www.facebook.com/aquariuslegend/
171567263038699,Khách sạn Golden Silk Boutique,"111 Hàng Gai, Hoàn Kiếm, Hà Nội, Vietnam",https://www.facebook.com/Golden-Silk-Boutique-Hotel-171567263038699/
1719698524908179,Beautiful Moon Hoi An Villa,"393 Hai Bà Trưng, tp. Hội An, Hoi An, Vietnam",https://www.facebook.com/pages/Beautiful-Moon-Hoi-An-Villa/1719698524908179
172095542845814,Grand Mercure Danang,"Lot A1 Zone of the Villas of Green Island, Hải Châu, Đà Nẵng 084511, Vietnam",https://www.facebook.com/GrandMercureDanang/
1729105700700825,Khách sạn Brandi Sakura,"Duy Tân, Dịch Vọng Hậu, Cầu Giấy, Hà Nội, Vietnam",https://www.facebook.com/pages/Brandi-Sakura-Hotel/1729105700700825
173993786066653,Grand Mango,"60 An Thượng 1, Mỹ An, Ngũ Hành Sơn, Đà Nẵng, Vietnam",https://www.facebook.com/pages/Grand-Mango-Hotel/173993786066653
175461642635418,Khách sạn Santa,"Số 43 Triệu Việt Vương, Bùi Thị Xuân, Hai Bà Trưng, Hà Nội, Vietnam",https://www.facebook.com/Santa-Hotel-175461642635418/
1754686718089742,Khách sạn Golden Sun Moment,"15 Hàng Cân, Hàng Đào, Hoàn Kiếm, Hà Nội, Vietnam",https://www.facebook.com/goldensunmoment/
177852742263101,Khách sạn Hilton Hà Nội,"1 Lê Thánh Tông, Hà Nội 100000, Vietnam",https://www.facebook.com/HiltonHanoiOperahotel/
178798805502805,Khách sạn Anise Hà Nội,"22 Quán Thánh, Nguyễn Trung Trực, Ba Đình, Hà Nội, Vietnam",https://www.facebook.com/pages/Anise-Hotel-Hanoi-Vietnam/178798805502805
179007188862336,Huong Giang,"51 Lê Lợi - Hue, Viet Nam",https://www.facebook.com/pages/HUONG-GIANG-HOTEL-RESORTSPA-HUE/179007188862336
179109095503730,Golden Lake,"380 Bovaird Dr E, Brampton, ON L6Z 2S8, Canada",https://web.facebook.com/Golden-Lake-Hanoi-Hotel-179109095503730/
179681128718011,Best Western Pearl River Hai Phong,"ĐT353, Hải Phòng, Vietnam",https://www.facebook.com/Best-Western-Pearl-River-hotel-Haiphong-Vietnam-179681128718011/
180030915345034,Khách sạn Hà Nội Emotion,"26 Ngõ Hàng Bột, Cát Linh, Đống Đa, Hà Nội, Vietnam",https://www.facebook.com/Hanoi.Emotion.Hotel/
180939238612501,Galaxy,"www.Vistalandtravel.Com Hàng Cót, Hoàn Kiếm, Hà Nội, Vietnam",https://web.facebook.com/pages/Galaxy-Hotel-Hanoi/180939238612501
182147415149455,Hotel de l'Opera Hà Nội,"29 Trang Tien street, Hoan Kiem district, Hanoi, 010000, Vietnam",https://www.facebook.com/pages/Hotel-de-LOpera-Hanoi/182147415149455
182976228467232,Khách sạn Windy,"23 Ngõ Thông Phong, Văn Chương, Đống Đa, Hà Nội, Vietnam",https://www.facebook.com/pages/Windy-Hotel-HanoiVientnam/182976228467232
184104295002919,Khách sạn Hanoi A1,"No 1 Cau go, Cầu Gỗ, Lý Thái Tổ, Hoàn Kiếm, Hà Nội, Vietnam",https://www.facebook.com/Hanoi-A1-Hotel-184104295002919/
184231331757687,Du Centre Ville,"1673 Rue Saint-Christophe, Montréal, QC H2L 3W7, Canada",https://www.facebook.com/diepcuhotelducentreville/
184373381695254,Fulmar,Fulmarus,https://web.facebook.com/FulmarHotel/
184491621904997,Herbal Tea Homestay,"Tống Văn Sương, Cẩm Thanh, tp. Hội An, Quảng Nam, Vietnam",https://www.facebook.com/herbalteahomestay/
184875708523530,Homestay Sea Kite,"Mỹ An, Ngũ Hành Sơn, Đà Nẵng, Vietnam",https://www.facebook.com/homestayseakite/
186513324707814,Hanoi Art Hotel Group,"63 Hàng Điếu, Cửa Đông, Hoàn Kiếm, Hà Nội, Vietnam",https://www.facebook.com/Hanoi-Art-Hotel-Group-186513324707814/
189051491262185,Khách sạn Golden Spring,"22 Nguyễn Hữu Huân, Lý Thái Tổ, Hoàn Kiếm, Hà Nội, Vietnam",https://www.facebook.com/pages/Golden-Spring-Hotel/189051491262185
189209361267196,Golden Sun Suites,"35 Hàng Quạt, Hàng Gai, Hoàn Kiếm Hàng Gai Hoàn Kiếm Hà Nội, 베트남, Vietnam",https://www.facebook.com/goldensunsuites/
190456611081483,Khách sạn A25 Hàng Nón,"26 Hàng Nón, Hàng Gai, Hoàn Kiếm, Hà Nội, Vietnam",https://www.facebook.com/pages/Kh%C3%A1ch-S%E1%BA%A1n-A25-H%C3%A0ng-N%C3%B3n-H%C3%A0-N%E1%BB%99i/190456611081483
190547504292843,Hoi An Pacific,"321 Cửa Đại, tp. Hội An, 051000, Vietnam",https://www.facebook.com/pages/Hoi-An-Pacific-Hotel/190547504292843
193980080757916,Hoan Kiem Downtown Backpackers,"85 Hang Bac Street, Hàng Bạc, Hoàn Kiếm, Hà Nội, Vietnam",https://www.facebook.com/HoanKiemDowntownBackpackersHostel/
194338064012794,Intercontinental Danang Resort,"Bai Bac, Sontra Peninsula, Đà Nẵng, Vietnam",https://www.facebook.com/pages/InterContinental-DaNang-Resort/194338064012794
195282733860224,Bach Dang Hoi An,"1 Nguyễn Tất Thành, tp. Hội An, Quảng Nam, Vietnam",https://www.facebook.com/pages/Bach-Dang-Hoi-An-Hotel/195282733860224
197455960317138,Hanoi Sans Souci IV,"16 Ngõ Huyện, Hoàn Kiếm, Hà Nội, Vietnam",https://www.facebook.com/Sans-Souci-Hotel-IV-197455960317138/
198671470204480,Fusion Alya Hoi An,"Âu Cơ, tp. Hội An, Quảng Nam, Vietnam",https://web.facebook.com/fusionalyahoian/
199340707090215,Hanoi Friendly Hotel,"78 Hàng Gà, Hoàn Kiếm, Hà Nội, Vietnam",https://www.facebook.com/friendshotelhanoi/
199803783484957,Hanoi Serene,"10 Yên Thái, Hoàn Kiếm, Hà Nội, Vietnam",https://www.facebook.com/pages/Serene-Hotel-Hanoi/199803783484957
202137749822421,Grand Halong,"Halong Plaza Hotel, 8 Halong Rd, Halong City, 125441, Vietnam",https://www.facebook.com/pages/Grand-Halong-Hotel/202137749822421
203528426326312,Khách sạn Holhotel_iday Gold,"24 Hàng Mành, Hàng Gai, Hoàn Kiếm, Hà Nội, Vietnam",https://www.facebook.com/pages/Holhotel_iday-Gold-Hotel/203528426326312
203652052983214,Hagl Plaza,"36 Le Duc Tho Street, My Dinh Ward, Nam Tu Liem District, Hanoi, 000000, Vietnam",https://www.facebook.com/pages/HAGL-Plaza-Hotel-Da-Nang/203652052983214
204179999622558,Hoa Binh,"27 Lý Thường Kiệt, Hoàn Kiếm, Hà Nội, Vietnam",https://www.facebook.com/pages/Ho%C3%A0-B%C3%ACnh-Hotel/204179999622558
204758482905250,Ha Long Galaxy Cruise,"22 Lý Nam Đế, Ba Dinh District, Hà Nội, Vietnam",https://www.facebook.com/Halong-Galaxy-Cruises-204758482905250/
206407909507924,Golden Time Hostel 2,"8 Lý Thái Tổ, Hoàn Kiếm, Hà Nội, Vietnam",https://www.facebook.com/pages/Golden-Time-Hostel/206407909507924
207088562690999,Hanoi Old Quarter Homestay,"28 Ngõ Huyện Hàng Trống Hoàn Kiếm Hàng Trống Hoàn Kiếm Hà Nội, Vietnam",https://www.facebook.com/hanoioldhomestay/
207161862741164,Hanoi Asia Star Hotel,"20 Đào Duy Từ, Hàng Buồm, Hoàn Kiếm, Hà Nội 8443, Vietnam",https://www.facebook.com/asiastarhotelhanoi/
207355162761003,Halong Elizabeth Sails,"Bãi Cháy, Hạ Long, Quảng Ninh, Vietnam",https://www.facebook.com/halongelizabethsail/
208028559374693,Holhotel_iday,"Khe Beach, 300 Vo Nguyen Giap Street, My Ward,, Mỹ An, Đà Nẵng 590000, Vietnam",https://www.facebook.com/holhotel_idaybeachdanang/
209473922596356,Hanoi Charming,"15 Yên Thái, Hàng Gai, Hoàn Kiếm, Hà Nội, Vietnam",https://www.facebook.com/Charming-Hotel-209473922596356/
210824802405318,Blue Moon,"90 Cầu Gỗ, Hàng Bạc, Hoàn Kiếm, Hà Nội 10000, Vietnam",https://www.facebook.com/Blue-Moon-Hotel-210824802405318/
211418062225555,Fortuna,"6B Láng Hạ, Hà Nội, Vietnam",https://web.facebook.com/FortunaHanoi/
211476462290972,Aphrodite Cruises,"Tuan Chau Marina, Ha Long, Quảng Ninh, Vietnam",https://www.facebook.com/Aphrodite.Cruises/
211486302212720,Khách sạn Hanoi Elegance Emerald,"18 Losu Str.,, Hà Nội, Vietnam",https://www.facebook.com/pages/Hanoi-Elegance-Emerald/211486302212720
211652668918332,Botanic Garden Homestay,"08 Trần Quốc Toản, Cẩm Châu, tp. Hội An, Quảng Nam, Vietnam",https://www.facebook.com/pages/Botanic-Garden-Homestay/211652668918332
212192215580475,Gold Da Nang,"24 Núi Thành, Hòa Thuận Đông, Hải Châu, Đà Nẵng, Vietnam",https://web.facebook.com/GoldlDaNang/
213011165430942,Hanoi Hibiscus,"52 Ngõ Huyện, Hàng Trống, Hoàn Kiếm, Hà Nội, Vietnam",https://www.facebook.com/HanoiHibiscusHotel/
213802148654012,Flora  Reshotel_idence,"Borovets, Main Street, 2010 Боровец, Bulgaria",https://www.facebook.com/merano.hotelflora/
213804675472972,Hi Hop Yen Homestay,"103A Tôn Đức Thắng, Cẩm Phô, tp. Hội An, Quảng Nam, Vietnam",https://www.facebook.com/Hi-Hop-Yen-Homestay-213804675472972/
214050905441687,Dana Pearl,"Đà Nẵng, Hải Phòng, Vietnam",https://www.facebook.com/danapearlhotel/
215144638619083,Hanoi Spark,"No 1 Cau go, Cầu Gỗ, Lý Thái Tổ, Hoàn Kiếm, Hà Nội, Vietnam",https://www.facebook.com/HanoiSparkApartment/
217691105052968,Golden Lotus Luxury,"53-55 Hang Trong Streets, Hà Nội, 10000, Vietnam",https://web.facebook.com/pages/Golden-Lotus-Luxury-Hotel/217691105052968
219178058280346,Ha Noi Pearl,"6 Bảo Khánh Lane, Hà Nội, Hàng Trống, Vietnam",https://www.facebook.com/HanoiPearlHotel.6LaneBaoKhanh/
220075471523469,Khách sạn Lenhotel_id Hanoi,"19 Triệu Việt Vương, Bùi Thị Xuân, Hai Bà Trưng, Hà Nội, Vietnam",https://www.facebook.com/lenhotel_idhanoihotel/
221227567924906,Harbour View,"12 Trần Phú, Máy Tơ, Ngô Quyền, Hải Phòng, Vietnam",https://www.facebook.com/pages/Harbour-View-Hotel/221227567924906
221652474655457,Khách sạn Nova,"str, 75 Hàng Điếu, Cửa Đông, Hoàn Kiếm, Hà Nội, Vietnam",https://www.facebook.com/novahotelhn/
222601121190472,Furama Villas Danang,"Vo Nguyen Giap St, Đà Nẵng, Vietnam",https://web.facebook.com/Furama-Villas-Danang-222601121190472/
231015963899805,Gia Bao Hoi An Backpackers,"GIA BAO HOI AN BACKPACKERS, 91 Bà Triệu, tp. Hội An, Quảng Nam, Vietnam",https://web.facebook.com/giabaohoianbackpackers/
233134410079643,Cong Doan Thanh Binh,"2 Ông Ích Khiêm, Hải Châu, Q. Hải Châu, Đà Nẵng, Vietnam",https://www.facebook.com/codatours.ltd/
233138226821503,Khách sạn Indochina Queen II,"67 Thuốc Bắc, Hàng Bồ, Hoàn Kiếm, Hà Nội, Vietnam",https://www.facebook.com/Indochina-Queen-ii-hotel-233138226821503/
235231583475447,Hoian Sincerity  & Spa,"Lê Đình Thám, Cẩm Châu, tp. Hội An, Quảng Nam, Vietnam",https://www.facebook.com/Hoian-Sincerity-Hotel-Spa-235231583475447/
235635661555,Khách sạn Hà Nội Rendezvous,"31 Hang Dieu, Hà Nội, Vietnam",https://www.facebook.com/Hanoi-Rendezvous-Hotel-235635661555/
236645646439483,Khách sạn Church Boutique Hàng Cá,"21 Hàng Cá, Hoàn Kiếm, Hà Nội, Vietnam",https://www.facebook.com/Church-Boutique-Hotel-Hang-Ca-Hanoi-236645646439483/
236935129681684,Demantohotel_id,"57 Nguyễn Trường Tộ, Nguyễn Trung Trực, Ba Dinh District, Hà Nội, Vietnam",https://www.facebook.com/DEMANTOhotel_id-236935129681684/
237499406262888,Bamboo Green,"177 Trần Phú, Hải Châu, Đà Nẵng, Vietnam",https://www.facebook.com/pages/Bamboo-Green-Hotel-Da-Nang/237499406262888
237547776333590,Hoian Lotus,"330 Cửa Đại, tp. Hội An, Quảng Nam, Vietnam",https://www.facebook.com/lotus.hoian/
237861679739114,Agribank Hoi An Beach Resort,"Lạc Long Quân, Cẩm An, tp. Hội An, Quảng Nam, Vietnam",https://www.facebook.com/agribankhoianbeachresort/
244002889050025,Crowne Plaza Danang,"No.8,Son Tra Dien Ngoc Street Bac My An Tourism Zone Ward, Khuê Mỹ, Ngũ Hành Sơn, Đà Nẵng, Vietnam",https://www.facebook.com/CrownePlazaDanangVietnam/
245770268911414,White Dolphin Cruises,"8 Le Thanh Tong, Halong, Quang Ninh",https://www.facebook.com/White-Dolphin-Cruises-245770268911414/
246640222159767,Hoi An Prince,"201 Lý Thái Tổ, tp. Hội An, Quảng Nam, Vietnam",https://www.facebook.com/hoianprincehotel/
247893948745635,Halong Hhotel_idden Charm,"tp. Hạ Long, Quảng Ninh, Vietnam",https://www.facebook.com/Hhotel_idden-Charm-Halong-Hotel-247893948745635/
254112971271550,Crown Halong,"Đông Hùng Thắng - Bãi Cháy - Thành phố Hạ Long, Vietnam",https://www.facebook.com/pages/Crown-Hotel-Ha-Long-Bay/254112971271550
255163191262710,Khách sạn Pullman Hà Nội,"40 Cat Linh Str, Hà Nội, 010000, Vietnam",https://www.facebook.com/PullmanHanoi/
257970647673103,Angel Palace,"173 Hàng Bông, Hà Nội, Hàng Bông",https://www.facebook.com/pages/Angel-Palace-Hotel/257970647673103
258388887666871,Khách sạn Hanoi Meracus 2,"32 Hàng Trống, Hoàn Kiếm, Hà Nội, Vietnam",https://www.facebook.com/meracushotels/
261151587357260,Cosiana Hotel,"57 Fansipan Street, Sapa Town",https://www.facebook.com/CosianaSapaHotel/
261365507309932,Khách sạn Rising Dragon Villa,"43 Bát Sứ, Hoàn Kiếm, Hà Nội, Vietnam",https://www.facebook.com/pages/Rising-Dragon-Villa-Hotel-Hanoi/261365507309932
261974837152869,Cinnamon Hanoi,"26 Ấu Triệu, Hoàn Kiếm, Hà Nội, Vietnam",https://www.facebook.com/pages/Cinnamon-Hotel-Hanoi/261974837152869
262929017175213,Hilton Garden Inn Hanoi,"20 Phan Chu Trinh, Phan Chu Trinh, Hà Nội 100000, Vietnam",https://www.facebook.com/Hilton.GardenInn.HanoiHotel/
265312270305501,Hanoi Garden Hotel,"3B Chả Cá, Hàng Đào, Hoàn Kiếm, Hà Nội, Vietnam",https://www.facebook.com/Hanoi-Garden-Hotel-265312270305501/
265852303600364,"Khách sạn Church Boutique Hàng Trống""","21 Hàng Cá, Hoàn Kiếm, Hà Nội, Vietnam",https://www.facebook.com/Church-Boutique-Hotel-Hang-Trong-265852303600364/
266341260106627,Khách sạn La Dolce Vita,"53 Hàng Bồ, Hoàn Kiếm, Hà Nội, Vietnam",https://www.facebook.com/La-Dolce-Vita-Hotel-266341260106627/
269514643174666,Celine,"Binbirdirek, Peykhane Cd. No:28, 34122, Turkey",https://www.facebook.com/HotelCeline/
273791662667573,Dong Thanh,"19 Cửa Đông, Hoàn Kiếm, Hà Nội, Vietnam",https://www.facebook.com/dongthanhhotel/
276309149200455,Blue Clouds Homestay,"99/9 Hùng Vương, tp. Hội An, Quảng Nam, Vietnam",https://www.facebook.com/bluecloudshomestay/
279804702037808,Golden Wings Hanoi,"99 Mã Mây, Hàng Buồm, Hoàn Kiếm, Hà Nội, Vietnam",https://www.facebook.com/Golden-Wings-II-Hotel-279804702037808/
284192361685693,Khách sạn Santa Barbara,"23 Quán Thánh, Ba Đình, Hà Nội, Vietnam",https://www.facebook.com/SantaBarbaraHotel/
286328794792713,Hoi An Trails Resort & Spa,"276 Cửa Đại, Cẩm Châu, tp. Hội An, Quảng Nam 84-510, Vietnam",https://www.facebook.com/Hoi-An-Trails-Resort-Spa-286328794792713/
286655988047387,Hoi An Green Life,"20 Ly Thai To, Son Phong Ward, tp. Hội An, Quảng Nam, Vietnam",https://www.facebook.com/Hoi-An-Green-Life-Home-Stay-286655988047387/
288771624653441,Hang My,"41 Hàng Quạt, Hàng Gai, Hoàn Kiếm, Hà Nội, Vietnam",https://www.facebook.com/hanoihangmyhotel/
293947680762224,Hoi An Lantern,"288 Nguyễn Duy Hiệu, tp. Hội An, Quảng Nam, Vietnam",https://www.facebook.com/hoianlanternhotel.fanpage/
294101497297215,Hanoi Advisor,"51 Nguyễn Siêu, Hàng Buồm, Hoàn Kiếm, Hà Nội, Vietnam",https://www.facebook.com/Hanoi-Advisor-294101497297215/
294365914079840,Anantara Hoi An,"1 Phạm Hồng Thái, Sơn Phong, tp. Hội An, Quảng Nam, Vietnam",https://www.facebook.com/AnantaraHoiAnResort/
300804056754396,Hoai Nga  Da Nang,"Võ Nguyên Giáp, Mỹ An, Ngũ Hành Sơn, Đà Nẵng, Vietnam",https://www.facebook.com/Kh%C3%A1ch-s%E1%BA%A1n-Ho%C3%A0i-Nga-300804056754396/
303758469717843,Khách sạn Especen,"28 Tho Xuong street,, Hoàn Kiếm, Hà Nội 110214, Vietnam",https://www.facebook.com/EspecenHotel/
305305996195134,Hanoi Daewoo,"360 Kim Mã, Ngọc Khánh, Ba Đình, Hà Nội, Vietnam",https://www.facebook.com/daewoohotel/
307887762562072,Coconut Garden,"212 High St N, Dunstable, Bedford LU6 1AU, United Kingdom",https://www.facebook.com/CoconutGardenBar/
308268632610316,Khách sạn Rosaliza,"15 Tran Quoc Toan Str., Hà Nội, 10000, Vietnam",https://www.facebook.com/pages/Rosaliza-Hotel/308268632610316
308574129225779,Khách sạn Demantohotel_id 2,"57 Nguyễn Trường Tộ, Nguyễn Trung Trực, Ba Dinh District, Hà Nội, Vietnam",https://www.facebook.com/pages/Demantohotel_id-2-57-Nguy%E1%BB%85n-Tr%C6%B0%E1%BB%9Dng-T%E1%BB%99/308574129225779
308822925903893,Khách sạn Hồng Hà,"204 Trần Quang Khải, Chương Dương, Hoàn Kiếm, Hà Nội, Vietnam",https://www.facebook.com/HongHaHotel/
308846225876171,Image Halong Cruises,"5 Phạm Ngũ Lão, Phan Chu Trinh, Hoàn Kiếm, Hà Nội, Vietnam",https://www.facebook.com/ImageHalongCruise/
309608585839366,Halong Dragon Cruise,"Hàng Chiếu, Hoàn Kiếm, Hà Nội, Vietnam",https://www.facebook.com/dragonhcruise/
310751605606243,Hanoi Old Quarter,"14 Yên Thái, Cửa Đông, Hà Nội, Vietnam",https://www.facebook.com/Hanoi-OLD-Quarter-Vietnam-310751605606243/
312868328919846,Aurora Rivershotel_ide Hoi An Hotel,"242 Cửa Đại, Cẩm Châu, tp. Hội An, Quảng Nam 560000, Vietnam",https://www.facebook.com/pages/Aurora-Rivershotel_ide-Hotel/312868328919846
313922805328424,Hanoi Sky,"27 Tống Duy Tân, Cửa Nam, Hoàn Kiếm, Hà Nội, Vietnam",https://www.facebook.com/HanoiSkyHotel/
314116302056158,Huong Sen,"66-70 Đồng Khởi, Hồ Chí Minh, Bến Nghé, Vietnam",https://www.facebook.com/HuongSenHotel/
314326828711902,Ha Long,"77, Đường Hàng Lược, Quận Hoàn Kiếm, Vietnam",https://www.facebook.com/Ha-Long-Hotel-Ha-Noi-314326828711902/
315714985299528,Khách sạn Sahul,"684 Minh Khai, Vĩnh Tuy, Hai Bà Trưng, Hà Nội, Vietnam",https://www.facebook.com/sahulhotel/
317492115048091,Khách sạn Hanoi Old Centre,"19 Hàng Hành, Hoàn Kiếm, Hà Nội, Vietnam",https://www.facebook.com/HanoiOldCentreHotel/
320261401488706,Hanoi New Hotel,"41 Phủ Doãn, Hoàn Kiếm, Hà Nội, Vietnam",https://www.facebook.com/pages/New-Lotus-Hotel/320261401488706
321382084661497,Khách sạn Lan Viên,"32 Hang Bai, Hoan Kiem",https://www.facebook.com/LanVienHotelHanoi/
323940062859,Essence Suites,"14455 South La Grange Road, Orland Park, IL 60462, United States",https://www.facebook.com/OrlandParkHotel/
324206391042358,Dragon Pearl Junks,"114 Hang Bac Street, Halong Dragon Pearl Junk, Dragon Pearl Cruise,Dragon Pearl Junk Halong Bay, Hà Nội, Vietnam",https://www.facebook.com/Dragons-Pearl-Junk-324206391042358/
325201384355552,Central Backpackers Hostel Old Quarter,"16 Thanh Hà, Hoàn Kiếm, Hà Nội 100000, Vietnam",https://www.facebook.com/Central-Backpackers-Hostel-Old-Quarter-325201384355552/
327077964007173,Harmony,"34 Lãn Ông, Hàng Bồ, Hoàn Kiếm, Hà Nội, Vietnam",https://www.facebook.com/pages/Harmony-Hotel/327077964007173
329870740448730,Boutique Hoi An,"489 Cua Dai Road, Hoi An, Quang Nam-Da Nang, Vietnam",https://www.facebook.com/vaia.boutique.hotel.hoian/
329895330394329,Khách sạn Church Boutique 95 Hàng Gai,"95 Hàng Gai, Phường Hàng Gai, Quận Hoàn Kiếm, Thành Phố Hà Nội, Vietnam",https://www.facebook.com/ChurchBoutiqueHotelHangGai/
331565683601735,Chalcedony,"4 Nguyễn Trường Tộ, Nguyễn Trung Trực, Ba Dinh District, Hà Nội, Vietnam",https://www.facebook.com/ChalcedonyHotel/
332505353597149,Huong Hai Sealife Cruise,"Trần Nguyên Hãn, Trần Hưng Đạo, tp. Hạ Long, Quảng Ninh, Vietnam",https://www.facebook.com/Halong-Huong-Hai-Sealife-Cruise-332505353597149/
334600223274360,Hà Nội Focus,"Nguyen Hong, Dong Da, Hanoi, Vietnam",https://www.facebook.com/focustravel.vn/
336256466496202,Golden Leaf Homestay,"124 Hùng Vương, tp. Hội An, QM, Vietnam",https://web.facebook.com/goldenlegendboutique/
338116306284202,Khách sạn Zéphyr,"Số 4 Bà Triệu, Tràng Tiền, Hoàn Kiếm, Hà Nội, Vietnam",https://www.facebook.com/zephyrhotel/
338745466288589,Banana Homestay Hoi An,"Luong Nhu Bich, To 6 Xuyen Trung Cam Nam, tp. Hội An, QM, Vietnam",https://www.facebook.com/Banana-Homestay-338745466288589/
340415042822036,Green House,"4 Grove Rd, Bournemouth BH1 3AX, United Kingdom",https://www.facebook.com/Green.House.Hotel.VN/
341478245943237,Ha Long Dc,"25/4, Ha Long, Quảng Ninh, Vietnam",https://www.facebook.com/pages/Halong-Dc-Hotel/341478245943237
342775512513714,Halong Scorpion Cruise,"Phố 28, Hồng Hải, tp. Hạ Long, Vietnam",https://www.facebook.com/scorpioncruise/
343606679138879,Bc Family Homestay,"9 Ngõ Trung Yên, Hàng Bạc, Hoàn Kiếm, Hà Nội, Vietnam",https://www.facebook.com/BCFamilyHomestay/
344230349032155,Hanoi Serendipity,"14 Chân Cầm, Hàng Trống, Hoàn Kiếm, Hà Nội, Vietnam",https://www.facebook.com/Hanoi-Serendipity-Hotel-344230349032155/
347931698701255,Au Coeur d'Hanoi,"62 Hàng Bè, Hoàn Kiếm, Hà Nội, Vietnam",https://www.facebook.com/aucouerhanoi62/
348256985272530,Phuong Dong,"02 Truong Thi Street, Vinh City, Nghe An Province, Viet Nam",https://www.facebook.com/Phuong-Dong-Hotel-348256985272530/
355318834582376,Hà Nội Romance,"19 Ngõ Trung Yên, Hàng Bạc, Hoàn Kiếm, Hà Nội, Vietnam",https://www.facebook.com/HanoiRomanceHotels/
356423114399667,Hoa Phong Lan Homestay,"2C-2D Phan Bội Châu, tp. Hội An, Quảng Nam 560000, Vietnam",https://www.facebook.com/hoaphonglanhomestay/
357087731145410,Gold Summer,"227 Hồ Nghinh, Phước Mỹ beach, Sơn Trà, Đà Nẵng, Vietnam",https://web.facebook.com/pages/Gold-Summer-Hotel/357087731145410
359010427525572,Khách sạn Old Quarter Cyclo,"25 Hàng Thiếc, Hàng Gai, Hoàn Kiếm, Hà Nội, Vietnam",https://www.facebook.com/HanoiOldQuarterCycloHotel/
359837074208336,Hanoi Blues Hostel,"6 Lương Ngọc Quyến, Hàng Buồm, Hoàn Kiếm, Hà Nội, Vietnam",https://www.facebook.com/Hanoiblueshostel/
360146510790751,Khách sạn Rivershotel_ide Hanoi,"118 Nguyễn Đình Hoàn, Nghĩa Đô, Cầu Giấy, Hà Nội, Vietnam",https://www.facebook.com/Rivershotel_ideHanoiHotel/
361026197292930,Hanoi Grand,"26 Hoi Vu Street, Hoan Kiem District, Hà Nội, Vietnam",https://www.facebook.com/Hanoi-Grand-Hotel-361026197292930/
362214323868983,Khách sạn Asian Legend,"44 Hàng Tre, Chương Dương Độ, Hoàn Kiếm, Hà Nội 84, Vietnam",https://www.facebook.com/asianlegendhanoihote/
364395350416146,Bien Goi Hotel,"Lo 5 B4.4, Vo Nguyen Giap, Da Nang, Vietnam",https://www.facebook.com/Bi%E1%BB%83n-G%E1%BB%8Di-Hotel-%C4%90%C3%A0-N%E1%BA%B5ng-364395350416146/
365683270164409,Family Transit Hotel,"Dien Xa, Quang Tien, Noi Bai Airport, Hà Nội, Vietnam",https://www.facebook.com/KSnoibai/
366146210112584,Golden Rice Hanoi,"36, Hàng Trống, Hoàn Kiếm, Hà Nội, Vietnam",https://web.facebook.com/pages/Golden-Rice-Hotel-Ha-Noi/366146210112584
366422206777847,Khách sạn Garnet,"44A Hàng Tre, Hoàn Kiếm, Hà Nội",https://www.facebook.com/GarnetHotel/
366827386860327,Khách sạn Hanoi Gate 1,"10 Thanh Hà, Đồng Xuân, Hoàn Kiếm, Hà Nội, Vietnam",https://www.facebook.com/hanoigate1hotel/
368312989951281,Khách sạn Wild Lotus - Hàng Bè,"63 Hàng Bè, Lý Thái Tổ, Hoàn Kiếm, Hà Nội, Vietnam",https://www.facebook.com/Wild.Lotus.Hotel/
369077289892769,Halong Fantasea Cruise,"Bãi Cháy, tp. Hạ Long, Quảng Ninh, Vietnam",https://www.facebook.com/Halong-Fantasea-Cruise-369077289892769/
370071059683160,Khách sạn Artisan Boutique,"Hàng Hành, Hàng Trống, Hoàn Kiếm, Hà Nội, Vietnam",https://www.facebook.com/The-Artisan-Boutique-Hotel-370071059683160/
371017579635682,Khách sạn Green Diamond,"96 Hàng Bạc, Hoàn Kiếm, Hà Nội, Vietnam",https://www.facebook.com/Green-Diamond-Hotel-371017579635682/
371674162844528,An Hoi,"69 Đường Nguyễn Phúc Chu, Minh An, tp. Hội An, Quảng Nam, Vietnam",https://www.facebook.com/anhoihotel/
372832266226334,Hanoi Golden Charm,"24 Hàng Quạt., Hà Nội 100000, Vietnam",https://www.facebook.com/goldencharmhotel/
373884852802926,Hoi An Luna Villa Homestay,"Thanh Nhut Hamlet, Cẩm Thanh, tp. Hội An, Quảng Nam, Vietnam",https://www.facebook.com/hoianluna/
380393478720744,Eva,"Avenhotel_ida da República 1, 8000-078 Faro, Portugal, Portugal",https://www.facebook.com/evashotel/
383671715052761,Camellia Hue,"59 Bến Nghé, Phú Hội, tp. Huế, Huế, Vietnam",https://www.facebook.com/CamelliaHue/
386201611531603,Khách sạn Tryst,"71 Nguyễn Trường Tộ, Nguyễn Trung Trực, Ba Đình, Hà Nội, Vietnam",https://www.facebook.com/trysthotel/
387811564616084,Hanoi Imperial,"44 Hàng Hành, Hàng Trống, Hoàn Kiếm, Hà Nội, Vietnam",https://www.facebook.com/HanoiImperialHotel/
394272164084536,An Huy,"30 Phan Boi Chau Street Hoi An Town Quang Nam Province, Vietnam",https://www.facebook.com/anhuyhotel/
395874417233821,Flower Garden,"46 Nguyễn Trường Tộ, Trúc Bạch, Ba Đình, Hà Nội, Vietnam",https://web.facebook.com/FlowerGardenHotel.com.vn/
398256740235752,Hanoi Royal View,"07 Hàng Dầu, Hoàn Kiếm, Hà Nội, Vietnam",https://www.facebook.com/pages/Hanoi-Royal-View-Hotel/398256740235752
400139170004631,Central Backpackers Hostel,"16 Lý Quốc Sư, Hàng Trống, Hoàn Kiếm, Hà Nội, Vietnam",https://www.facebook.com/pages/Central-backpackers-hotel-Hanoi-V%C3%ADetnam/400139170004631
400664656674940,Hanoi Victory,"No 3 Hàng Quạt., Hà Nội, Vietnam",https://www.facebook.com/hanoivictoryhotel/
402297763264823,Emerald Hotel Hanoi,"18 Losu Str.,, Hà Nội, Vietnam",https://www.facebook.com/Emerald-Hotel-Hanoi-402297763264823/
403621223042293,Elegant Suites Westlake,"10 Đặng Thai Mai, Hà Nội, Vietnam",https://www.facebook.com/ElegantSuites/
403972803117386,Binh Yen Homestay (Peace Homestay);,"181, Lạc Long Quân, Cẩm An, tp. Hội An, Quảng Nam 560900, Vietnam",https://www.facebook.com/B%C3%ACnh-Y%C3%AAn-Homestay-403972803117386/
404504799581024,Khách sạn Hanoi Meracus 1,"11 Hàng Dầu, Hàng Bạc, Hoàn Kiếm, Hà Nội, Vietnam",https://www.facebook.com/Hanoi-Meracus-Hotel-404504799581024/
405037762927149,Khách sạn Art Boutique Hà Nội,"63 Hàng Điếu, Cửa Đông, Hoàn Kiếm, Hà Nội, Vietnam",https://www.facebook.com/artboutiquehotelhanoi/
409365015795275,An My Homestay,"3348 My An ward, My Hoa, Binh Minh, Vinh Long",https://www.facebook.com/mekonghomestay/
409665505900094,Hanoi Inn Guesthouse,"61 A Hàng Bè, Hoàn Kiếm, Hà Nội, Vietnam",https://www.facebook.com/hanoiinnguesthouse/
410133092509172,French Village,"An Son Commune, Hòa Sơn, Hòa Vang, Đà Nẵng, Vietnam",https://web.facebook.com/pages/French-Village-B%C3%A0-N%C3%A0-Hills/410133092509172
411066462403202,Hanoi Sports,"No 15, Le Van Thiem Str, Ha noi City, Viet Nam",https://www.facebook.com/sporthotelhanoi/
411461885661959,Hanoi Culture,"28 Bát Sứ, Hoàn Kiếm, Hà Nội, Vietnam",https://www.facebook.com/hanoiculturehostel/
411845165690534,Khách sạn Centre Point Hanoi,"25 - Hang Hanh str., Hoàn Kiếm, Hà Nội, Vietnam",https://www.facebook.com/pages/Kh%C3%A1ch-s%E1%BA%A1n-Centre-Point/411845165690534
416824805033123,Golden Lotus,"St Joseph Cathedral, 40 Nhà Chung, Hoàn Kiếm, Hà Nội 10000, Vietnam",https://web.facebook.com/Golden-Lotus-Hotels-416824805033123/
417346401631445,Dai Long,"Hoàng Mai, Hanoi, Vietnam",https://www.facebook.com/pages/Dai-Long-Hotel/417346401631445
424817900968418,Dai A,"51 Yên Bái, Phước Ninh, Hải Châu, Đà Nẵng, Vietnam",https://www.facebook.com/pages/%C4%90%E1%BA%A1i-%C3%81-Hotel/424817900968418
424931944228269,Khách sạn Twins,"246 Hàng Bông, Cửa Nam, Hoàn Kiếm, Hà Nội, Vietnam",https://www.facebook.com/TwinsHotelHanoi/
429764810466649,Artisan Lakeview,"Hàng Hành, Hàng Trống, Hoàn Kiếm, Hà Nội, Vietnam",https://www.facebook.com/artisanlakeviewhotel/
431212090226675,Hoang Sa,"35-36 Duong Dinh Nghe Street, Đà Nẵng, Vietnam",https://www.facebook.com/pages/Ho%C3%A0ng-Sa-Hotel/431212090226675
432709946920057,Green Boutique Villa,"hamlet4 thanh nhut,, Cẩm Thanh, tp. Hội An, Quảng Nam, Vietnam",https://www.facebook.com/Green-Boutique-Villa-432709946920057/
433276660158594,Hoang Linh Dan,"435 Nguyễn Tất Thành, Đà Nẵng, Thanh Khê, Vietnam",https://www.facebook.com/hoanglinhdanhotel/
436613806496861,"Khách sạn Maison D'Hanoi Boutique""","35-37 Ma May, Hà Nội 100000, Vietnam",https://www.facebook.com/maisondhanoiboutiquehotel/
437240659655065,Green Plaza,"238 Bach Dang Street, Đà Nẵng, Vietnam",https://www.facebook.com/GreenPlazahotel/
437893912931738,Halong Plaza,"8 Hạ Long, Bãi Cháy, tp. Hạ Long, Quảng Ninh, Vietnam",https://www.facebook.com/halongplazahotel/
439552472727698,Bhaya Cruises,"80 Tuần Châu, Halong Bay, Quảng Ninh, Vietnam",https://www.facebook.com/pages/Bhaya-Cruise-Halong-Bay/439552472727698
439921372737138,Khách sạn Medallion Hà Nội,"11 Mã Mây, Hàng Buồm, Hoàn Kiếm, Hà Nội, Vietnam",https://www.facebook.com/Medallion-Hanoi-Hotel-439921372737138/
440464852750052,Khách sạn Văn Miếu 2,"54 Quốc Tử Giám, Văn Miếu, Đống Đa, Hà Nội, Vietnam",https://www.facebook.com/pages/Kh%C3%A1ch-S%E1%BA%A1n-V%C4%83n-Mi%E1%BA%BFu-2/440464852750052
440699882708692,Golden Moon,"65 Nguyễn Hữu Huân, Hoàn Kiếm, Hà Nội, Vietnam",https://web.facebook.com/hanoigoldenmoonhotel/
443065779144867,Han Thuyen Homestay,"296 Cua Dai, ฮอยอัน, Vietnam",https://www.facebook.com/hanthuyenhomestay/
443124975755977,Gold Beach,"143 Hà Bổng, Phước Mỹ, Sơn Trà, Đà Nẵng, Vietnam",https://web.facebook.com/TheGoldBeachResort/
443915159044396,Golden Cyclo Hotel,"25 Ngõ Trạm, Hàng Bông, Hoàn Kiếm, Hà Nội, Vietnam",https://web.facebook.com/Golden-Cyclo-Hotel-Ha-Noi-443915159044396/
450653978389027,Bluebell,"41 Ngõ Huyện, Hàng Trống, Hoàn Kiếm, Hà Nội, Vietnam",https://www.facebook.com/Hanoi-Bluebell-Hotel-450653978389027/
450681628312641,Harmony Homestay,"34 Lãn Ông, Hàng Bồ, Hoàn Kiếm, Hà Nội, Vietnam",https://www.facebook.com/harmony.homestay.kb/
451125094971218,Fansipan Da Nang,"Ngu Hanh Son District, Đà Nẵng, Vietnam",https://www.facebook.com/fansipandananghotel.com.vn/
451875204908266,Green Street,"21 Mã Mây, Hàng Buồm, Hoàn Kiếm, Hà Nội, Vietnam",https://www.facebook.com/greenstreethotel/
453068184803476,Hanoi Graceful,"21 Hàng Phèn, Hàng Bồ, Hoàn Kiếm, Hà Nội, Vietnam",https://www.facebook.com/hanoigracefulhotel/
453119668189140,Hai Yen,89 Bùi Thị Xuân -TT Tam Quan-Hoài Nhơn -Bình Định,https://www.facebook.com/H%E1%BA%A2I-Y%E1%BA%BEN-HOTEL-453119668189140/
456267357746161,Dolphin Ii,"10860 SW Beaverton Hillsdale Hwy, Beaverton, OR 97005, United States",https://www.facebook.com/pages/The-Dolphin-II/456267357746161
461300670678750,Eternity,"32 Yết Kiêu, Trần Hưng Đạo, Hoàn Kiếm, Hà Nội, Vietnam",https://www.facebook.com/eternityhotel32yetkieu/
462266583941871,Khách sạn Oasis,"19 Láng Hạ, Ba Đình, Hà Nội, Vietnam",https://www.facebook.com/www.oasishotel.com.vn/
463020013807000,Hà Nội White Palace,"30 Nguyễn Hữu Huân, Lý Thái Tổ, Hoàn Kiếm, Hà Nội, Vietnam",https://www.facebook.com/Hanoi-White-Palace-Hotel-463020013807000/
463225037170229,Heritage By Night,"ĐT20, Phong NHA, Sơn Trạch, Bố Trạch, Quảng Bình, Vietnam",https://www.facebook.com/heritagebynight/
463578457148999,Khách sạn Hồ Giám,"14 Hồ Giám, Quốc Tử Giám, Đống Đa, Hà Nội, Vietnam",https://www.facebook.com/khachsanhogiam/
464778293624920,Calligraphy Homestay,"120/3 Trần Nhân Tông, Cẩm Châu, tp. Hội An, QM, Vietnam",https://www.facebook.com/Calligraphy-Homestay-464778293624920/
465704200150560,Khách sạn Hanoi Delight,"93 Đội Cấn, Ba Dinh District, Hà Nội, Vietnam",https://www.facebook.com/Hanohotel_idelightHotel/
467137276826216,Bonsai Homestay,"Tran Trung Tin, tp. Hội An, Quảng Nam 564070, Vietnam",https://www.facebook.com/bonsaihomestay/
467851863409688,Grand Sunrise 2,"7 Hang Mam St, Hang Mam, Hà Nội, Vietnam",https://www.facebook.com/grandsunrise2/
468371943245909,Betel Garden Villas,"Trần Nhân Tông, Cẩm Châu, tp. Hội An, Quảng Nam, Vietnam",https://www.facebook.com/BetelGardenHomestayVilla/
469965193057993,Hanoi City Palace,"106 Hàng Bông, Hoàn Kiếm, Hà Nội, Vietnam",https://www.facebook.com/HanoiCityPalaceHotel/
472142572809057,Da Nang Petro,"7 Quang Trung, Hải Châu, Đà Nẵng, Vietnam",https://www.facebook.com/PetroHotelDanang/
478995158791585,Ha Long Palace,"Hoàng Quốc Việt, Bãi Cháy, tp. Hạ Long, Quảng Ninh, Vietnam",https://www.facebook.com/pages/HaLong-Palace-Hotel/478995158791585
480461572136306,Brandi,"Số 76, Đường Duy Tân, Phường Dịch Vọng",https://www.facebook.com/brandihanoihotel/
482696451814053,Khách sạn New Vision,"68 Hàng Bồ, Hoàn Kiếm, Hà Nội, Vietnam",https://www.facebook.com/hotelnewvision/
482908588388162,Hoi An Rivershotel_ide Resort,"175 Cửa Đại, Cẩm Châu, tp. Hội An, Quảng Nam, Vietnam",https://www.facebook.com/pages/Hoi-An-Rivershotel_ide-Resort/482908588388162
485786431445960,JW Marriott Hanoi,"8 Đỗ Đức Dục Nam Nam Từ Liêm Hanoi,, Mễ Trì, Từ Liêm, Hà Nội, Vietnam",https://www.facebook.com/JWMarriottHanoi/
485991018197585,Camellia 4,"Hà Nội, 44 Hàng Giấy, Hàng Buồm, Hà Nội, HANOI CITY 100000, Vietnam",https://www.facebook.com/camellia4hanoihotel/
488793507836932,Hanoi Lucky II,"11 Ngõ Huyện, Hoàn Kiếm, Hà Nội, 11 Ngõ Huyện, Quan Hoan Kiem, Hoàn Kiếm, Hà Nội 10000, Vietnam",https://www.facebook.com/HanoiLuckyIIHotel/
489938871070471,Annam Junk,"Room 2405, 25T1 building, Hoang Dao Thuy street",https://www.facebook.com/Annam-Junk-489938871070471/
497985196887755,Khách sạn Hanoi Discovery,"22 Lương Ngọc Quyến, Hàng Buồm, Hoàn Kiếm, Hà Nội, Vietnam",https://www.facebook.com/Hanohotel_idiscoveryHotel/
498946276938344,Coco River Resort & Spa,"999 Tran Nhan Tong, Hoi An, Quang Nam-Da Nang, Vietnam",https://www.facebook.com/Hoi-An-Coco-River-Resort-and-Spa-498946276938344/
502860436485487,Khách sạn Western Hanoi,"Trần Thái Tông, Dịch Vọng, Cầu Giấy, Hà Nội, Vietnam",https://www.facebook.com/WesternHanoiHotel/
503706833117673,Hanoi HM Boutique Hotel,"Số 3 Hàng Dầu, P. Hàng Bạc, Q. Hoàn Kiếm, Hà Nội 100000, Vietnam",https://www.facebook.com/HanoiHMBoutiqueHotel/
507883129272451,Khách sạn Hà Nội Boutique 1,"8 Ngõ Gạch, Hàng Buồm, Hoàn Kiếm, Hà Nội, Vietnam",https://www.facebook.com/hanoiboutiquehotel.vn/
512530622166649,Khách sạn Yến,"43 Trần Thái Tông, làng Vòng, Dịch Vọng Hậu, Cầu Giấy, Hà Nội, Vietnam",https://www.facebook.com/Yen-Hotel-512530622166649/
513785732037204,Camellia Homestay,"11 Đỗ Đăng Tuyển, tp. Hội An, Quảng Nam, Vietnam",https://www.facebook.com/Camellia-Homestay-Hoi-An-513785732037204/
515124948593252,Khách sạn Công Đoàn Quảng Bá,"Quảng An, Tây Hồ, Hà Nội, Vietnam",https://www.facebook.com/QuangBaHotel/
516605178499409,Khách sạn Golden Lakeshotel_ide,"15 Hàng Hành, Hàng Trống, Hoàn Kiếm, Hà Nội, Vietnam",https://www.facebook.com/goldenlakeshotel_idehotel/
518898878175981,Hoabinh Palace,"27 Hàng Bè, Hàng Bạc, Hoàn Kiếm, Hà Nội, Vietnam",https://www.facebook.com/hoabinhpalace/
519044971594181,Hoi An Odyssey,"Xuyen Trung, Cam Thanh, Hoi An, Trần Trung Tri, Cẩm Nam, tp. Hội An, Quảng Nam 560000, Vietnam",https://www.facebook.com/H%E1%BB%99i-An-Odyssey-Hotel-519044971594181/
519399018232985,Khách sạn Golden Moon Suite,"12A Hang Manh, Hoan Kiem, Hanoi",https://www.facebook.com/goldenmoonsuitehotel/
523367444407994,Golden Palace,"46 Bát Sứ, Hàng Bồ, Hoàn Kiếm, Hà Nội, Vietnam",https://web.facebook.com/GoldenPalace/
523578154464021,Khách sạn Hà Nội Old Town,"95 Hàng Chiếu, Đồng Xuân, Hoàn Kiếm, Hà Nội, Vietnam",https://www.facebook.com/KhuphocoHaNoi/
525045287564418,Funtastic Danang Hostel,"115 Hải Phòng, Thanh Khê, Đà Nẵng, Vietnam",https://web.facebook.com/Funtasticdanang/
533073550096928,Khách sạn Larosa Hà Nội,"36 Nguyễn Khuyến, Văn Miếu",https://www.facebook.com/pages/Larosa-Hotel-36-Nguy%E1%BB%85n-Khuy%E1%BA%BFn/533073550096928
548968341864875,Gem Boutique Hotel,"54 Ngõ Huyện, Hàng Trống, Hoàn Kiếm, Hà Nội, Vietnam",https://web.facebook.com/pages/Gem-Tree-Boutique-Hotel/548968341864875
554813327899264,Essence Hoi An,"132 Hùng Vương Str.,, tp. Hội An, Quảng Nam, Vietnam",https://www.facebook.com/hoianessence/
557051961045313,Khách sạn Hanoi Focus,"4 Tô Tịch, Hàng Gai, Hoàn Kiếm, Hà Nội, Vietnam",https://www.facebook.com/pages/Hanoi-Focus-Hotel/557051961045313
560665447322079,Hoi An Viva Homestay,"218 Lý Thái Tổ, Cẩm Châu, tp. Hội An, Quảng Nam, Vietnam",https://www.facebook.com/Hoi-An-VIVA-Homestay-Villa-560665447322079/
560685973988328,Bamboo Green Central,"158 Phan Chu Trinh, Hải Châu, Đà Nẵng, Vietnam",https://www.facebook.com/bamboogreencentral/
561051297367095,Emily,"42, 40 An Thượng 1, Mỹ An, Đà Nẵng, Vietnam",https://www.facebook.com/emilyhoteldn/
563012193831981,Bay Sydney,"199 Hồ Nghinh, Phước Mỹ, Sơn Trà, Đà Nẵng, Vietnam",https://www.facebook.com/baysydneyhoteldanang/
563917740343279,Cosy House Homestay,"An Hôi - Hôi An, 22 La Hối, tp. Hội An, Quảng Nam, Vietnam",https://www.facebook.com/cosyhousehoian/
569288556451206,Khách sạn Moon View,"65 Cửa Bắc, Trúc Bạch, Ba Dinh District, Hà Nội 10000, Vietnam",https://www.facebook.com/moonview123/
575775189155915,Khách sạn CWD,"20 Thụy Khuê, Tây Hồ, Hà Nội, Vietnam",https://www.facebook.com/loancwd/
576035965858081,Halong Victory Star Cruise,"Tuần Châu, tp. Hạ Long, Quảng Ninh, Vietnam",https://www.facebook.com/Halong-Victory-Star-Cruise-576035965858081/
579557175450439,Golden Sun Villa,"68 Hàng Trống, Hoàn Kiếm, Hà Nội, Vietnam",https://www.facebook.com/goldensunvilla/
582704741815201,Hanoi Heritage,"625 La Thành, Thành Công, Ba Dinh District, Hà Nội, Vietnam",https://www.facebook.com/Heritage-582704741815201/
587061914673794,Ancient House Village,"Cẩm Thanh, tp. Hội An, Quang Nam Province, Vietnam",https://www.facebook.com/AncientHouseVillage/
589171574430068,Khách sạn Art Trendy,"6 Hàng Bút, Hoàn Kiếm, Hà Nội, Vietnam",https://www.facebook.com/pages/Art-Trendy-Hotel/589171574430068
595185820539511,Imperial Hostel,"138 Collins St, Hobart TAS 7000, Australia",https://www.facebook.com/imperialhostel/
601016283343958,Ha Long Park,"Tổ 65, khu 5, Bạch Đằng, tp. Hạ Long, Quảng Ninh, Vietnam",https://www.facebook.com/halongpark/
605738479519955,Boss Legend hotel,"21 Hàng Thùng Chương Dương Hoàn Kiếm Chương Dương Hoàn Kiếm Hà Nội, Vietnam",https://www.facebook.com/bosslegendhotel/
611779132166924,Grassland,"500 Hai Bà Trưng, tp. Hội An, QM, Vietnam",https://www.facebook.com/GrasslandHotel/
613106885433101,An Huy Villa,"447 Hai Bà Trưng, tp. Hội An, Quảng Nam, Vietnam",https://www.facebook.com/anhuyvilla/
617228808414142,Dragon Sea,"Số 43 Đường Hồ Xuân Hương, P. Trường Sơn, TX Sầm Sơn, Tỉnh Thanh Hóa.",https://www.facebook.com/dragonseahotel/
618837304853570,Grand Sunrise,"19-B1.3 Duong Dinh Nghe, Sơn Trà, Đà Nẵng, Vietnam",https://www.facebook.com/pages/Grand-Sunrise-Hotel/618837304853570
620354171357517,Golden River,"1782 S Main St, Fall River, MA 02724, United States",https://web.facebook.com/goldenrivervillage/
626454007403666,Khách sạn Green Park,"48 Trần Nhân Tông, Bùi Thị Xuân, Hai Bà Trưng, Hà Nội, Vietnam",https://www.facebook.com/Green-Park-Hotel-Hanoi-626454007403666/
629237600450474,Areca Homestay,"18 Lý Thường Kiệt, Cẩm Phô, tp. Hội An, QM, Vietnam",https://www.facebook.com/Areca-Homestay-629237600450474/
631187810227407,Hoian Rivershotel_ide Bamboo Resort,"83 Nguyễn Duy Hiệu, Cẩm Châu, tp. Hội An, Quảng Nam, Vietnam",https://www.facebook.com/Rivershotel_ide-Bamboo-Resort-Hoi-An-631187810227407/
632337803503943,Hanoi Blue Sky,"65 Hàng Cót, Hoàn Kiếm, Hà Nội, Vietnam",https://www.facebook.com/hanoiblueskyhotel/
634252346612389,Hanoi Youth Hostel,"5 Lương Ngọc Quyến, Hàng Buồm, Hoàn Kiếm, Hà Nội, Vietnam",https://www.facebook.com/hanoiyouthhostel1/
640106616045345,Golden Palace Hotel,"46 Bát Sứ, Hàng Bồ, Hoàn Kiếm, Hà Nội, Vietnam",https://web.facebook.com/HanoiGoldenPalaceHotel/
641357072659000,Big Home,"191 Đống Đa, Thạch Thang, Hải Châu, Đà Nẵng, Vietnam",https://www.facebook.com/Bighomehotel/
64407053782,Emeraude Classic Cruises,"Vinashin Pier, Hon Gai, 6 Lê Thánh Tông, Halong City, Quảng Ninh 200000, Vietnam",https://www.facebook.com/emeraudeclassiccruises/
655465514521111,Khách sạn Dragon Pearl,"17E Phan Đình Phùng, Quán Thánh, Ba Đình, Hà Nội, Vietnam",https://www.facebook.com/dragonpearlhotel/
662404743778256,Hanoi Amanda,"50 Hàng Bè, Lý Thái Tổ, Hoàn Kiếm, Hà Nội, Vietnam",https://www.facebook.com/hanoiamandahote/
664463123648005,Khách sạn Eden,264 Au Co - Tay Ho,https://www.facebook.com/edengargen/
665514576792694,Khách sạn Hanoi Alibaba,"39 Hàng Bè, Lý Thái Tổ, Hoàn Kiếm, Hà Nội, Vietnam",https://www.facebook.com/Ha-Noi-Alibaba-Hotel-665514576792694/
667509943311630,Downtown,"1 Hàng Phèn, Hàng Bồ, Hoàn Kiếm, Hà Nội, Vietnam",https://www.facebook.com/Downtown-hotel-667509943311630/
667826629949888,Khách sạn Hanoi Rivershotel_ide,"29-31 Hang Mam,Hoankiem,Hanoi,Vietnam ",https://www.facebook.com/happymillennium/
668685499870559,Hanoi Crystal,"9 Hàng Thùng, Lý Thái Tổ, Hoàn Kiếm, Hà Nội, Vietnam",https://www.facebook.com/hanoicrystalhotel/
669030779834233,Khách sạn Danly,"22-24 Đào Tấn - Ba Đình -, Ba Đình, Hà Nội, Vietnam",https://www.facebook.com/Danly-hotel-669030779834233/
670533439634662,Khách sạn Conifer Boutique,"No. 9 Lý Đạo Thành Str, Tràng Tiền, Hoàn Kiếm Dist",https://www.facebook.com/ConiferBoutiqueHotel/
670568689713836,Ban Thach Rivershotel_ide Hotel & Resort,"10, Bạch Đằng, Tam Ky, Quảng Nam 560000, Vietnam",https://www.facebook.com/banthachrivershotel_idehotel/
671410232917210,Essence Hanoi Hotel & Spa,"Street Old Quarter,, 22A Tạ Hiện, Hàng Buồm, Hoàn Kiếm, Hà Nội 100000, Vietnam",https://www.facebook.com/essencehanoihotel/
676182542434442,Icon 36  & Reshotel_idence,"35 Bát Sứ, Hoàn Kiếm, Hà Nội, Vietnam",https://www.facebook.com/icon36hotel/
681515318582140,Khách sạn Cherry I,"73 Tô Hiến Thành, Lê Đại Hành, Hai Bà Trưng, Hà Nội, Vietnam",https://www.facebook.com/cherrygrouphotel/
694244537255929,Gray Line Halong Cruise,"125 Hồng Hà, Phúc Xá, Ba Đình, Hà Nội, Vietnam",https://www.facebook.com/Gray-Line-Halong-Cruise-694244537255929/
702022549851551,Blue Hanoi Inn,"12 Chân Cầm, Hàng Trống, Hoàn Kiếm, Hà Nội, Vietnam",https://www.facebook.com/pages/Blue-Ha%CC%80-N%C3%B4%CC%A3i-Inn-Hotel/702022549851551
704087656362526,Hanoi Central Hostel,"16 Lý Quốc Sư, Hàng Trống, Hoàn Kiếm, Hà Nội, Vietnam",https://www.facebook.com/hanoicentralhostel/
705451069470296,Hà Nội Evergreen,"21 Hàng Đồng, Hoàn Kiếm, Hà Nội, Vietnam",https://www.facebook.com/Hanoi-Evergreen-Hotel-705451069470296/
705801106193013,Hanoi Capital,"0, 22 Đào Duy Từ, Hàng Buồm, Hoàn Kiếm, Hà Nội, Vietnam",https://www.facebook.com/hanoicapital.vn/
709787162441701,Chat Inn Homestay Hoi An,"107 Nguyễn Duy Hiệu, tp. Hội An, Quảng Nam, Vietnam",https://www.facebook.com/Chat-Inn-Homestay-Hoi-An-709787162441701/
713821132013725,Gondola,"31 Hàng Hành, Hàng Trống, Hoàn Kiếm, Hà Nội, Vietnam",https://www.facebook.com/Gondola-Hotel-Hanoi-713821132013725/
715133925244500,Hien Hoa,"{19, Nguyen Thuong Hien Street,Hai Ba Trung Ward, Ha Noi City{Province, Vietnam",https://www.facebook.com/hienhoahotel/
715228075229036,Khách sạn Icon 36,"19 Cửa Đông, Hoàn Kiếm, Hà Nội 119415, Vietnam",https://www.facebook.com/icon36hotelgroup/
718546104840255,Hoi An Holhotel_iday Villa,"414 Cửa Đại, Hoi An Ancient Town, Quảng Nam 560000, Vietnam",https://www.facebook.com/holhotel_idayvillahoian/
721584011189319,Anh Hotel,42 Châu Long - Ba Đình,https://www.facebook.com/Anh-Hotel-721584011189319/
723829324319844,Hoi An Ruby Villa,"(Opposite 194 - Nguyen Duy Hieu St,);, Cẩm Châu, tp. Hội An, Quảng Nam 51000, Vietnam",https://www.facebook.com/Hoi-An-Ruby-Villa-723829324319844/
727283567282040,Bamboo Green Rivershotel_ide,"68 Bạch Đằng, Hải Châu 1, Hải Châu, Đà Nẵng, Vietnam",https://www.facebook.com/Bamboo-GREEN-Rivershotel_ide-HOTEL-727283567282040/
743552322390935,Golden Bell Homestay,"69 Hai Thuong Lan Ong, tp. Hội An, QM, Vietnam",https://web.facebook.com/Golden-Bell-Homestay-743552322390935/
754767921241543,Hamilton Oceanview Villa,"05 Lê Mạnh Trinh, Phước Mỹ, Sơn Trà, Đà Nẵng, Vietnam",https://www.facebook.com/HamiltonOceanViewVilla/
755009684522390,Hotel Café Restaurant Merci,"32 Ly Thai To Street, Hà Nội, 10000, Vietnam",https://www.facebook.com/hanoimercihotel/
766069070177769,Blue An Bang Villa,"Cẩm An, tp. Hội An, Quang Nam Province, Vietnam",https://www.facebook.com/Blue-An-Bang-Villa-766069070177769/
769902786371699,﻿Oriental Central,"39, 39 Hang Bac Street, Hàng Bạc, Hoàn Kiếm, Hà Nội 10000, Vietnam",https://www.facebook.com/orientalcentral/
771535426236551,Hang Nga  1,"65 Cua Bac Street, Ba Dinh District, Vietnam",https://www.facebook.com/H%E1%BA%B1ng-Nga-Hotel-771535426236551/
783763321703579,Khách sạn Hà Nội Moment II,"45A Hang Cot Street, Hoan Kim District",https://www.facebook.com/Hanoi-Moment-Hotel-783763321703579/
788093051245780,Hà Nội Gem,"54 Ngõ Huyện, Hàng Trống, Hoàn Kiếm, Hà Nội, Vietnam",https://www.facebook.com/Hanoi-Gem-Hotel-788093051245780/
788946041174020,Full House,"Burgemeester Pyckestraat 35b, 8500 Kortrijk, Belgium",https://web.facebook.com/FullHouse-788946041174020/
795745997156961,Cong Doan Halong,"Đông Hùng Thắng, Phường Bãi Cháy, tp. Hạ Long, Quảng Ninh, Vietnam",https://www.facebook.com/Classichotel41/
803869132985727,Golden Time 1,"98B Trần Phú, Nha Trang, Vietnam",https://www.facebook.com/goldentimehotelnhatrang/
808997689166234,Hijal House,"209 Tôn Đức Thắng, Tân An, tp. Hội An, Quảng Nam 560000, Vietnam",https://www.facebook.com/hijalhouse/
809414062463342,Asia Paradise,"6 Biệt Thự, Lộc Thọ, tp. Nha Trang, Khánh Hòa, Vietnam",https://www.facebook.com/Asia-Paradise-Hotel-809414062463342/
815389731877054,Hoa Cuong,"Đồng Văn, Hà Giang, Vietnam",https://www.facebook.com/hoacuonghotel/
818782241570861,Khách sạn Hanoi Golden River,"46 Lương Văn Can, Hàng Đào, Hoàn Kiếm, Hà Nội, Vietnam",https://www.facebook.com/goldenriverhotel/
821924467828079,Aclass Legend Cruise,"Trần Thái Tông, tp. Hạ Long, Yết Kiêu, Vietnam",https://www.facebook.com/Aclass-Legend-Cruise-821924467828079/
823389174409651,Khách sạn Brandi 2,"202 Trần Duy Hưng, Thanh Xuân, Hà Nội, Vietnam",https://www.facebook.com/pages/Brandi-2-Hotel/823389174409651
826790944101836,Ho  Da Nang,"36 Phước Trường 15, Phước Mỹ, Sơn Trà, Phước Mỹ, Sơn Trà, Đà Nẵng, Vietnam",https://www.facebook.com/vnhohotel/
844296012305313,Hoi An Red Frangipani Villa,"Cẩm Châu, tp. Hội An, Quang Nam Province, Vietnam",https://www.facebook.com/Hoi-An-Red-Frangipani-Villa-844296012305313/
846411715409993,Fusion Suites Danang Beach,"Da Nang, Vietnam",https://web.facebook.com/Fusion-Suites-Danang-Beach-846411715409993/
848148918612043,Gallant,"68 Vân Đồn, Hoàn Kiếm, Hà Nội, Vietnam",https://web.facebook.com/gallanthotelhanoi/
848572878573925,Hanoi Central Park,"58 Hàng Bè, Hoàn Kiếm, Hà Nội, Vietnam",https://www.facebook.com/hanoicentralparkhotel58/
850047381738094,Church Legend  Hanoi,"46 Ấu Triệu, Hoàn Kiếm, Hà Nội 100000, Vietnam",https://www.facebook.com/Churchlegendhotelhanoi/
856770891096429,Asia Palace  Hanoi,"44 Hàng Tre, Chương Dương Độ, Hoàn Kiếm, Hà Nội 84, Vietnam",https://www.facebook.com/asiapalacehotel/
863039727112937,Alex (Hai Ninh); Hotel,"28-A Anh Dao Street, Ha Long, Quảng Ninh, Vietnam",https://www.facebook.com/ALEX-HOTEL-863039727112937/
869029879802845,Halong Silversea Cruise,"Chợ Cũ, Hồng Gai, tp. Hạ Long, Vietnam",https://www.facebook.com/HalongSilverseaCruise/
875179239239325,Hoi An Silk Village Resort & Spa,"28 Nguyễn Tất Thành, Tân An, tp. Hội An, Quảng Nam, Vietnam",https://www.facebook.com/Hoi-An-Silk-Village-Resort-Spa-875179239239325/
903057049778430,Centre Point Hanoi,"25 - Hang Hanh str., Hoàn Kiếm, Hà Nội, Vietnam",https://www.facebook.com/Centre-Point-Hanoi-Hotel-903057049778430/
904091652983396,Khách sạn La Casa Hanoi,"17 Phạm Đình Hổ, Phạm Đình Hồ, Hai Bà Trưng, Hà Nội, Vietnam",https://www.facebook.com/lacasahanoihotel/
916952988383201,Flamingo Cruises,"843 Street, 841 Hồng Hà, Chương Dương, Hoàn Kiếm, Hà Nội 100000, Vietnam",https://www.facebook.com/FlamingoCruises/
926555167359486,Khách sạn Mango Hà Nội,"118 Lê Duẩn, Đống Đa, Hà Nội, Vietnam",https://www.facebook.com/mangohotelhanoi/
929778327061583,GA Hostel,"50 Hàng Bạc, Hoàn Kiếm, Hà Nội 110901, Vietnam",https://web.facebook.com/Gahostel/
934796066554490,Khách sạn Hasu,"53 Hàng Bún, Nguyễn Trung Trực, Ba Đình, Hà Nội",https://www.facebook.com/HASU-HOTEL-934796066554490/
936624199834683,Charming Homestay,"384 Cửa Đại, tp. Hội An, Quảng Nam 560000, Vietnam",https://www.facebook.com/Charming-Homestay-936624199834683/
937116373005616,Army Hotel,Số 1A Nguyễn Tri Phương,https://www.facebook.com/pages/Army-Hotel/937116373005616
939570162735921,Eden Plaza,"5 Duy Tan, Ha Thuan Dong, Hai Chau District",https://www.facebook.com/edenplazadananghotel/
942298092461813,Hanoi Guest House Royal,"26 Ngõ Phát Lộc, Hàng Buồm, Hoàn Kiếm Hàng Buồm Hoàn Kiếm Hà Nội, Vietnam, Vietnam",https://www.facebook.com/pages/Hanoi-Guest-House-Royal/942298092461813
950863758336907,Aquarium Villa,"255 28 - 3, Thanh Hà, tp. Hội An, Quảng Nam 563800, Vietnam",https://www.facebook.com/Aquarium-Villa-950863758336907/
950872811624631,Hoai Huong,"194 Phan Anh, Tân Thới Hoà, Tân Phú, Hồ Chí Minh, Vietnam",https://www.facebook.com/Ho%C3%A0i-H%C6%B0%C6%A1ng-hotel-950872811624631/
954261671268592,Hà Nội La Siesta & Spa,"94 Mã Mây, Hàng Buồm, Hoàn Kiếm, Hà Nội, Vietnam",https://www.facebook.com/pages/Hanoi-La-Siesta-Hotel-and-Spa/954261671268592
954910091191058,Khách sạn Box,"16 Hàng Buồm, Hoàn Kiếm, Hà Nội, Vietnam",https://www.facebook.com/boxhotel.com.vn/
956082517750796,Countryshotel_ide Moon Homestay,"Trần Nhân Tông, tp. Hội An, Quảng Nam, Vietnam",https://www.facebook.com/Countryshotel_ide-Moon-Homestay-956082517750796/
958882124144582,Funtastic Beach,"5 Hà Bổng, Phước Mỹ Sơn Trà Đà Nẵng, Vietnam",https://web.facebook.com/funtasticbeach/
972516892810156,Hanoi Marvellous Hotel & Spa,"55 Đường Thành, SHàng Bông, Hoàn Kiếm, Hà Nội, Vietnam",https://www.facebook.com/HanoiMarvelloushotel/
973241522755751,Gia Vien Homestay,"Cẩm Châu, tp. Hội An, Quang Nam Province, Vietnam",https://web.facebook.com/giavien189.ha/
981632381887437,Khách sạn Golden Legend Diamond,"18 Chân Cầm, Hàng Trống, Hoàn Kiếm, Hà Nội, Vietnam",https://www.facebook.com/Golden-Legend-Diamond-Hotel-981632381887437/
